BatchID,Date,Completed,InputMass_kg,SmeltTemp_C,SmeltDuration_h,RefineDuration_h,RefineEnergy_kWh,CoolingTime_h,HeatTreatTemp_C,HeatTreatDuration_h,FinalMass_kg,Purity_pct,Quality
Batch_0001,2025-11-24,1,8753.57,1068.3,4.0,18.7,3732.4,4.1,,,8567.96,98.95,Низкий
Batch_0002,2025-01-13,1,4917.02,1089.8,5.3,23.2,2582.5,2.4,373.0,1.9,4776.43,98.78,низкий
Batch_0003,2025-05-06,1,6962.07,1067.7,3.7,29.4,3931.3,2.9,,,6734.89,99.12,Стандарт
Batch_0004,2025-03-13,1,6475.88,1090.6,6.7,21.1,3325.0,3.6,337.0,2.9,6288.11,99.82,Стандарт 
Batch_0005,2025-02-22,1,6989.5,1083.3,4.9,21.3,3657.5,2.8,328.0,2.6,6590.97,99.88,Стандарт 
Batch_0006,2025-10-07,1,4993.58,1963.1,6.0,26.7,3542.5,3.1,473.0,2.2,4760.06,98.07,Низкий
Batch_0007,2025-10-30,1,7648.03,1080.5,6.6,23.7,2239.2,4.3,454.0,2.0,7349.06,99.1,стандарт
Batch_0008,2025-01-17,0,4539.46,,,21.8,3017.1,,,,0.0,,Брак
Batch_0009,2025-02-17,1,5246.46,1073.2,3.8,21.5,2322.4,4.4,474.0,2.6,4970.83,99.75,Стандарт
Batch_0010,2025-04-30,1,8037.2,1096.2,4.6,19.3,2455.9,4.5,301.0,2.0,7689.16,98.19,Низкий
Batch_0011,2025-10-15,1,8714.55,1113.3,4.8,29.7,3924.9,3.5,357.0,1.1,8404.16,99.2,Стандарт
Batch_0012,2025-11-29,0,5393.23,1087.6,4.3,,,,,,0.0,,Брак 
Batch_0013,2025-10-07,1,8928.25,1102.1,4.3,26.7,2735.6,3.9,318.0,2.7,8507.12,98.76,низкий
Batch_0014,2025-04-23,0,6954.46,1096.3,3.6,20.7,3290.3,,,,0.0,,брак
Batch_0015,2025-10-29,1,7454.69,1073.3,6.7,28.5,2515.9,4.5,406.0,1.5,7035.17,99.76,стандарт
Batch_0016,2025-01-04,1,7165.51,1080.2,4.7,26.7,3794.2,4.3,317.0,1.3,6993.12,99.35,Стандарт
Batch_0017,2025-12-24,0,4507.36,1113.0,5.8,,,,,,0.0,,брак
Batch_0018,2025-06-24,1,5186.25,1092.1,6.1,25.8,3698.4,3.7,,,4951.36,98.87,низкий
Batch_0019,2025-03-21,1,8865.05,1089.2,6.3,24.0,3153.8,2.6,356.0,1.0,8562.03,98.75,Низкий
Batch_0020,2025-06-22,1,8769.64,1097.4,4.8,18.2,3856.6,4.9,471.0,1.6,8378.55,98.87,Низкий
Batch_0021,2025-02-17,1,6784.01,1094.5,3.8,25.4,3980.1,3.6,448.0,2.4,6567.6,99.0,стандарт
Batch_0022,2025-02-19,1,8046.81,1111.4,6.5,29.0,3022.7,4.4,440.0,2.6,7850.47,98.97,низкий
Batch_0023,2025-06-26,1,4469.91,1084.4,5.4,21.4,3181.7,,,,4348.79,99.0,Стандарт 
Batch_0024,2025-05-16,1,6611.22,1077.0,4.3,25.5,2170.7,3.6,427.0,2.5,6472.61,99.22,Стандарт
Batch_0025,2025-08-24,1,7975.93,1073.1,3.6,29.6,3672.0,3.2,331.0,1.5,7672.6,99.5,Стандарт 
Batch_0026,2025-03-05,1,5399.67,1083.3,6.1,24.7,3223.4,2.7,452.0,1.0,5100.76,98.56,низкий
Batch_0027,2025-02-10,0,8277.3,1071.1,5.2,,,,,,0.0,,Брак 
Batch_0028,2025-05-31,1,6169.26,1084.1,5.7,25.6,2090.6,3.9,471.0,2.3,5839.31,98.6,низкий
Batch_0029,2025-10-23,1,4132.56,1086.7,4.9,25.7,2916.5,4.8,492.0,2.8,3916.97,98.6,Низкий
Batch_0030,2025-12-27,1,4091.11,1094.9,5.9,18.9,2638.0,2.1,356.0,1.2,3959.66,98.0,Низкий
Batch_0031,2025-01-24,1,8017.4,1093.3,6.3,29.9,2825.2,4.3,486.0,2.7,7673.93,99.55,Стандарт 
Batch_0032,2025-04-27,1,4515.62,1074.3,5.3,27.9,2640.1,3.2,,,4408.22,98.63,низкий
Batch_0033,2025-02-10,1,8750.31,1113.7,5.1,21.5,2657.3,4.3,458.0,1.2,8398.34,98.58,Низкий
Batch_0034,2025-02-21,1,6207.65,1101.0,4.7,19.4,2286.0,3.9,317.0,2.4,5853.26,98.44,низкий
Batch_0035,2025-05-23,0,4424.19,1063.3,6.3,29.8,3506.8,,,,0.0,,брак
Batch_0036,2025-11-22,1,4417.5,1063.9,5.5,23.1,3812.7,3.5,,,4235.26,98.58,низкий
Batch_0037,2025-03-25,1,4587.63,1092.8,6.9,22.5,2571.4,2.7,302.0,2.9,4320.29,99.75,стандарт
Batch_0038,2025-07-01,1,8964.82,1108.0,5.4,29.6,3046.2,4.1,426.0,2.2,8750.08,98.56,Низкий
Batch_0039,2025-12-10,1,8752.06,1117.8,4.5,20.3,2927.4,3.8,,,8568.05,99.88,стандарт
Batch_0040,2025-12-26,1,6680.48,1072.9,6.3,26.2,2325.2,4.5,445.0,2.2,6391.41,99.81,Стандарт 
Batch_0041,2025-11-28,1,4226.09,1102.7,7.0,19.8,3188.3,4.9,468.0,1.9,4042.65,98.33,Низкий
Batch_0042,2025-11-08,1,8064.51,1078.0,7.0,24.7,3538.0,4.5,390.0,1.3,7888.4,99.35,Стандарт 
Batch_0043,2025-03-29,1,7358.5,1072.6,5.9,24.2,3544.6,4.6,412.0,2.8,7035.75,98.69,Низкий
Batch_0044,2025-03-25,0,7775.69,1080.4,6.0,,,,,,0.0,,брак
Batch_0045,2025-07-14,1,4072.72,1059.0,5.0,28.8,2696.5,4.4,424.0,2.7,3983.04,98.71,низкий
Batch_0046,2025-11-24,1,6460.58,1106.7,5.1,29.8,2985.2,3.9,315.0,1.3,6106.04,98.71,Низкий
Batch_0047,2025-12-17,1,7204.37,1096.2,5.2,26.0,2344.6,2.1,356.0,1.4,6797.67,98.67,низкий
Batch_0048,2025-01-29,1,5031.67,1080.6,5.3,26.3,2078.6,3.9,,,4905.59,99.79,Стандарт
Batch_0049,2025-01-17,0,5384.39,1074.0,4.2,,,,,,0.0,,брак
Batch_0050,2025-07-25,1,7091.27,1093.7,5.1,27.0,2073.4,4.1,402.0,2.1,6696.19,99.13,стандарт
Batch_0051,2025-02-03,1,5212.35,1082.2,4.6,20.5,2655.0,4.7,436.0,2.6,5003.53,98.62,Низкий
Batch_0052,2025-10-18,1,6934.21,1084.3,5.0,19.5,2567.6,3.9,371.0,3.0,6686.18,98.23,низкий
Batch_0053,2025-04-19,1,5229.79,1076.1,4.1,28.8,2160.5,3.2,322.0,1.8,5118.81,99.71,Стандарт 
Batch_0054,2025-09-13,1,5289.51,1072.0,5.8,29.2,3113.5,2.8,337.0,1.6,5062.15,99.21,стандарт
Batch_0055,2025-11-26,1,4574.18,1094.6,4.0,23.8,3065.2,3.0,313.0,3.0,4358.71,99.63,стандарт
Batch_0056,2025-03-15,1,7407.51,1060.1,5.6,23.7,2823.7,4.8,493.0,1.2,7179.62,99.81,стандарт
Batch_0057,2025-03-13,1,4332.48,1102.5,4.0,27.5,2403.3,2.5,433.0,2.0,4134.72,99.73,Стандарт
Batch_0058,2025-10-15,1,8083.0,1088.8,4.8,23.6,2602.8,3.5,480.0,1.8,7773.76,99.77,Стандарт 
Batch_0059,2025-05-15,1,4584.49,1062.8,4.0,27.5,3240.1,4.7,330.0,1.6,4354.99,99.54,Стандарт 
Batch_0060,2025-10-27,0,6849.45,1102.2,6.6,,,,,,0.0,,брак
Batch_0061,2025-10-26,1,4553.16,1081.0,6.3,19.8,2458.5,4.2,439.0,2.1,4325.83,98.3,низкий
Batch_0062,2025-07-05,1,6916.96,1070.3,5.1,29.4,2306.7,3.5,304.0,2.7,6759.84,99.29,Стандарт
Batch_0063,2025-03-12,1,8612.5,1088.8,5.6,23.1,3472.9,4.8,323.0,3.0,8384.75,98.67,низкий
Batch_0064,2025-02-16,1,8349.48,1067.9,5.6,22.8,2109.5,4.4,,,7959.89,99.06,Стандарт
Batch_0065,2025-02-26,1,8599.28,1104.1,5.1,20.7,2904.9,2.5,384.0,2.8,8207.98,99.31,Стандарт
Batch_0066,2025-11-18,1,4065.47,1072.7,4.1,29.5,2297.3,2.3,400.0,2.2,3832.45,99.55,Стандарт
Batch_0067,2025-12-15,1,8490.27,1123.5,3.7,27.3,2906.6,3.3,412.0,1.3,8042.64,98.74,низкий
Batch_0068,2025-11-02,1,5353.72,1068.4,4.9,18.3,2312.3,4.0,,,5080.03,97.65,Низкий
Batch_0069,2025-07-17,0,4520.54,1092.5,4.3,,,,,,0.0,,брак
Batch_0070,2025-11-02,1,7611.33,1069.2,6.4,22.8,3336.2,2.9,303.0,1.2,7217.94,98.54,низкий
Batch_0071,2025-09-28,1,6915.21,1066.4,4.8,25.1,2536.1,3.2,387.0,1.6,6762.65,99.57,стандарт
Batch_0072,2025-10-11,1,8342.34,1072.8,6.6,27.6,2850.4,,408.0,2.3,7927.86,98.7,Низкий
Batch_0073,2025-12-15,1,8922.01,1076.9,3.6,29.0,2235.5,2.8,430.0,2.7,8460.36,98.52,Низкий
Batch_0074,2025-12-16,1,8500.09,1073.3,5.6,25.2,3330.1,4.7,377.0,2.0,8006.05,98.73,низкий
Batch_0075,2025-11-25,1,4413.99,1075.8,4.5,22.3,3438.1,3.7,433.0,2.9,4278.49,98.8,низкий
Batch_0076,2025-02-27,0,5311.32,1063.9,3.7,,,,,,0.0,,брак
Batch_0077,2025-08-11,1,5671.22,1084.5,5.9,23.2,2492.8,4.4,354.0,2.2,5412.83,98.63,Низкий
Batch_0078,2025-08-21,1,4684.09,1111.6,5.1,20.2,3083.8,4.2,432.0,2.4,4562.15,98.85,Низкий
Batch_0079,2025-05-15,1,5106.05,1091.4,4.1,24.8,3831.0,,359.0,2.8,4998.02,99.82,Стандарт 
Batch_0080,2025-04-02,1,8310.21,1088.1,4.6,27.9,2074.0,2.7,315.0,2.4,7924.57,99.51,Стандарт 
Batch_0081,2025-02-24,0,5576.45,1075.2,5.7,25.4,2465.9,,,,0.0,,Брак 
Batch_0082,2025-06-02,0,8350.49,,,24.3,3878.1,,,,0.0,,Брак 
Batch_0083,2025-09-17,1,8989.67,1100.7,6.2,22.8,2959.8,4.6,454.0,1.8,8601.8,99.53,Стандарт 
Batch_0084,2025-04-12,1,4552.37,1069.9,4.3,18.5,2035.7,3.3,436.0,1.4,4452.21,99.01,Стандарт
Batch_0085,2025-07-11,1,8395.59,1069.2,5.1,25.4,2334.1,2.7,430.0,2.2,8064.03,98.82,Низкий
Batch_0086,2025-10-04,1,5102.43,1075.4,3.7,29.6,3767.6,5.0,379.0,2.5,4938.34,98.72,Низкий
Batch_0087,2025-11-03,1,5122.2,1102.8,5.4,25.1,3160.2,4.6,326.0,2.8,5010.67,99.71,стандарт
Batch_0088,2025-09-08,1,7276.21,1082.3,4.8,21.1,3446.8,2.2,437.0,1.2,7087.38,99.19,Стандарт
Batch_0089,2025-02-27,1,6962.04,1073.0,4.7,26.1,3131.5,4.6,432.0,2.7,6785.84,99.49,стандарт
Batch_0090,2025-06-07,1,7487.36,1105.7,4.1,28.6,3743.7,,326.0,1.7,7260.79,98.73,Низкий
Batch_0091,2025-01-30,1,8160.67,1094.7,3.5,21.4,3233.9,3.9,427.0,2.1,7925.59,98.65,Низкий
Batch_0092,2025-10-18,1,6706.33,1103.1,6.8,19.2,3874.5,2.2,442.0,1.1,6460.12,97.86,Низкий
Batch_0093,2025-02-13,0,8357.68,1063.4,6.9,19.6,3516.5,,,,0.0,,Брак 
Batch_0094,2025-09-06,0,4110.62,,,,,,,,0.0,,Брак
Batch_0095,2025-09-30,1,7416.48,1063.3,4.1,27.5,3387.4,2.2,431.0,1.5,7253.57,98.71,Низкий
Batch_0096,2025-03-07,1,8718.08,1052.0,5.7,22.8,2548.4,3.2,346.0,1.4,8205.85,99.41,Стандарт 
Batch_0097,2025-09-01,1,8321.79,1090.1,6.2,28.1,3522.0,2.4,,,8129.01,99.36,Стандарт 
Batch_0098,2025-03-26,1,6407.61,1091.9,3.9,26.2,2860.6,3.5,,,6172.32,98.88,низкий
Batch_0099,2025-09-28,1,5551.81,1078.2,5.6,21.5,3390.0,4.3,,,5325.41,98.65,низкий
Batch_0100,2025-04-19,1,8933.31,1048.6,5.2,25.4,3404.9,2.0,404.0,1.2,8522.6,98.55,Низкий
Batch_0101,2025-06-09,0,5984.62,,,26.3,3601.2,,,,0.0,,брак
Batch_0102,2025-12-10,1,4837.41,1106.0,3.6,29.2,2103.9,4.1,443.0,2.6,4612.85,99.64,Стандарт 
Batch_0103,2025-07-11,0,8474.08,1098.9,6.4,,,,,,0.0,,брак
Batch_0104,2025-09-22,1,6632.01,1075.2,6.6,20.6,3951.7,2.5,432.0,2.0,6381.42,99.51,стандарт
Batch_0105,2025-03-03,1,8981.67,1077.7,5.8,20.4,3360.5,2.1,393.0,2.7,8704.02,99.54,Стандарт
Batch_0106,2025-04-26,1,5729.67,1088.4,5.0,26.7,2973.3,4.7,355.0,2.2,5594.99,98.79,Низкий
Batch_0107,2025-06-23,1,7157.8,1100.7,4.0,26.6,3818.1,2.7,336.0,2.7,6869.28,98.85,Низкий
Batch_0108,2025-10-29,1,6226.53,1102.2,4.1,22.7,3938.8,4.0,455.0,1.3,6094.48,99.14,Стандарт 
Batch_0109,2025-04-28,1,4367.48,1058.9,5.3,22.0,3657.8,2.7,441.0,1.3,4134.71,98.55,Низкий
Batch_0110,2025-01-04,1,7319.02,1090.7,5.5,28.4,2411.7,2.8,,,7035.38,99.81,Стандарт
Batch_0111,2025-12-29,0,4610.55,,,21.8,3014.5,,,,0.0,,Брак 
Batch_0112,2025-01-31,0,4741.72,1091.5,6.9,,,,,,0.0,,Брак
Batch_0113,2025-02-04,1,7195.6,1100.0,5.2,26.0,2279.3,,441.0,1.4,6957.69,99.86,Стандарт
Batch_0114,2025-06-19,0,7363.01,,,20.1,3385.3,,,,0.0,,Брак
Batch_0115,2025-09-21,1,8723.07,1041.6,5.2,25.4,3737.8,2.1,438.0,2.4,8274.94,99.42,Стандарт
Batch_0116,2025-05-23,1,7256.16,1100.1,6.2,24.8,3476.9,3.2,434.0,2.6,7042.04,99.62,Стандарт 
Batch_0117,2025-09-06,1,8089.17,1081.2,5.4,18.1,2649.2,3.2,378.0,1.9,7680.68,98.3,Низкий
Batch_0118,2025-10-04,0,7017.24,1074.7,4.8,24.2,2958.4,,,,0.0,,Брак
Batch_0119,2025-10-20,0,5706.24,,,,,,,,0.0,,Брак 
Batch_0120,2025-08-31,1,6668.01,1118.8,6.2,27.8,3436.2,2.1,302.0,2.3,6507.45,98.84,Низкий
Batch_0121,2025-08-31,1,4301.34,1073.7,5.2,21.1,2569.7,4.4,362.0,2.2,4166.48,98.88,низкий
Batch_0122,2025-04-08,1,4609.43,1080.8,5.9,20.2,3050.3,2.3,351.0,2.9,4422.02,99.63,Стандарт
Batch_0123,2025-02-19,1,4217.06,1086.8,6.4,28.6,2456.2,3.8,468.0,2.8,4023.65,98.83,низкий
Batch_0124,2025-07-01,1,5374.03,1093.1,5.0,26.0,2191.1,3.4,334.0,2.5,5237.06,98.8,низкий
Batch_0125,2025-07-30,0,4118.19,1099.5,4.3,,,,,,0.0,,брак
Batch_0126,2025-01-28,1,6483.83,1118.2,4.0,26.3,2808.6,4.2,498.0,1.3,6121.8,99.51,Стандарт 
Batch_0127,2025-12-01,1,5370.8,1076.3,4.3,22.3,2138.8,2.2,347.0,2.1,5237.62,99.41,Стандарт 
Batch_0128,2025-02-20,1,5621.67,1069.8,5.8,29.9,3323.7,4.2,312.0,2.1,5499.71,98.75,Низкий
Batch_0129,2025-07-26,1,5004.67,1083.3,6.1,22.2,3329.8,4.8,380.0,1.3,4903.07,99.8,Стандарт 
Batch_0130,2025-06-23,1,8210.17,1071.4,5.7,19.1,3510.5,4.5,442.0,1.1,7817.11,98.01,Низкий
Batch_0131,2025-05-08,0,8684.79,1072.3,5.1,24.2,3838.8,,,,0.0,,Брак
Batch_0132,2025-04-08,1,8960.79,1061.0,4.2,29.2,2232.7,3.1,474.0,2.6,8706.31,98.93,низкий
Batch_0133,2025-03-13,0,6014.9,,,22.2,3951.2,,,,0.0,,брак
Batch_0134,2025-04-04,1,8112.4,1122.0,6.2,20.1,3005.1,2.4,314.0,1.1,7669.52,99.16,стандарт
Batch_0135,2025-08-25,1,6162.49,1080.5,5.3,23.3,2211.3,2.6,430.0,1.3,5807.86,99.59,Стандарт
Batch_0136,2025-02-08,1,4290.82,1087.2,6.9,20.9,2284.5,2.9,438.0,1.1,4120.8,99.9,Высший 
Batch_0137,2025-10-09,1,7076.1,1079.9,5.7,24.3,2852.2,4.7,339.0,1.7,6768.75,99.66,Стандарт
Batch_0138,2025-01-26,1,7846.52,1883.2,5.2,18.2,2519.6,2.4,343.0,1.0,7451.43,97.59,Низкий
Batch_0139,2025-02-17,1,4548.68,1102.9,3.8,23.9,2300.1,4.2,375.0,1.8,4359.35,99.6,Стандарт
Batch_0140,2025-03-27,1,8776.67,1082.6,4.6,26.3,2875.2,4.5,,,8566.65,99.15,стандарт
Batch_0141,2025-09-06,1,7296.77,1104.5,3.7,24.2,2300.3,3.5,308.0,1.2,7068.04,98.6,низкий
Batch_0142,2025-04-20,0,4060.54,1108.4,6.1,,,,,,0.0,,брак
Batch_0143,2025-01-31,1,5748.52,1069.3,4.1,19.2,3320.6,2.8,,,5422.5,99.06,Стандарт
Batch_0144,2025-07-14,1,7123.32,1093.0,4.2,19.5,3230.0,3.9,308.0,2.9,6923.5,97.43,Низкий
Batch_0145,2025-07-19,1,6912.11,1093.1,3.9,22.1,3856.2,3.1,388.0,2.2,6758.13,98.84,низкий
Batch_0146,2025-08-21,1,4987.35,1101.1,5.8,21.4,3631.9,4.5,350.0,2.5,4779.98,99.68,стандарт
Batch_0147,2025-08-05,1,7882.24,1087.7,6.9,29.2,2086.3,2.4,464.0,1.4,7568.8,99.68,Стандарт 
Batch_0148,2025-10-12,1,6711.19,1065.5,5.3,21.6,3130.0,4.6,452.0,1.3,6432.42,98.51,низкий
Batch_0149,2025-03-21,1,7632.31,1081.9,6.3,20.4,3110.2,3.8,371.0,2.6,7343.57,98.51,Низкий
Batch_0150,2025-06-01,1,4176.56,1072.2,4.2,29.5,2735.9,2.4,475.0,3.0,3987.5,99.13,Стандарт
Batch_0151,2025-01-30,1,8430.98,1063.7,5.9,18.0,3239.2,4.4,,,8123.49,98.03,Низкий
Batch_0152,2025-06-10,0,6899.92,1058.6,5.5,26.1,3610.0,,,,0.0,,Брак
Batch_0153,2025-01-26,1,8125.25,1101.7,6.0,27.5,3034.5,2.4,387.0,1.2,7709.44,99.34,Стандарт 
Batch_0154,2025-09-02,1,8991.74,1075.3,5.7,23.1,3272.4,2.4,468.0,1.8,8657.92,99.32,Стандарт 
Batch_0155,2025-09-29,1,5811.18,1077.1,5.3,21.6,3881.4,3.3,468.0,1.4,5649.08,99.14,Стандарт
Batch_0156,2025-01-30,1,4667.4,1096.6,6.0,24.0,2873.7,4.3,422.0,1.3,4527.63,99.42,Стандарт 
Batch_0157,2025-02-11,1,4344.79,1070.4,4.4,28.9,2499.1,4.3,455.0,1.1,4168.84,98.55,Низкий
Batch_0158,2025-02-05,0,8532.19,,,22.9,2694.7,,,,0.0,,Брак 
Batch_0159,2025-02-04,1,4109.12,1071.6,6.9,24.7,3873.6,3.3,446.0,3.0,3904.74,99.42,Стандарт 
Batch_0160,2025-05-01,1,6826.65,1086.2,4.7,19.4,2302.5,2.8,412.0,2.0,6448.39,98.48,низкий
Batch_0161,2025-03-03,0,7539.18,1090.2,3.8,,,,,,0.0,,Брак 
Batch_0162,2025-05-07,1,4828.87,1091.5,5.1,22.9,3301.9,2.2,461.0,1.9,4549.17,99.6,Стандарт 
Batch_0163,2025-11-01,1,5293.1,1098.6,4.7,27.1,3038.8,4.6,474.0,1.5,5071.05,99.88,Стандарт
Batch_0164,2025-11-14,1,4135.84,1098.2,5.4,24.0,2210.9,4.5,455.0,2.9,3921.4,99.23,Стандарт
Batch_0165,2025-08-03,1,7964.27,1083.8,5.7,27.6,2791.9,3.6,439.0,2.6,7587.32,99.7,Стандарт 
Batch_0166,2025-10-26,1,5384.52,1080.0,4.1,28.7,3308.6,3.3,317.0,2.8,5234.53,99.21,Стандарт 
Batch_0167,2025-09-25,1,6088.8,1078.9,5.8,25.6,2331.9,3.3,303.0,2.1,5851.92,99.51,стандарт
Batch_0168,2025-05-14,1,4397.03,1090.1,6.4,24.5,3420.5,3.4,392.0,1.7,4220.13,99.66,Стандарт
Batch_0169,2025-12-09,1,4868.81,1080.6,6.4,19.2,2479.7,3.0,450.0,2.3,4697.61,97.65,низкий
Batch_0170,2025-05-03,1,8895.52,1090.6,4.6,26.2,2139.3,4.6,467.0,1.6,8590.54,99.47,стандарт
Batch_0171,2025-07-22,1,5526.55,1073.1,3.6,21.6,3306.3,4.6,458.0,2.3,5252.5,99.77,Стандарт
Batch_0172,2025-12-10,1,6802.2,1059.4,6.5,24.6,2760.8,2.3,308.0,2.5,6643.87,98.89,низкий
Batch_0173,2025-08-23,1,5461.09,1050.8,6.1,27.7,2036.0,4.2,466.0,1.6,5324.07,98.66,низкий
Batch_0174,2025-02-07,1,6703.49,1056.7,5.6,21.6,2599.8,2.1,470.0,2.3,6460.35,99.75,Стандарт
Batch_0175,2025-08-23,1,4394.85,1080.6,6.3,18.4,3165.6,4.6,313.0,2.7,4236.46,98.07,Низкий
Batch_0176,2025-02-07,1,7346.0,1087.8,5.3,23.2,2633.9,4.3,479.0,1.9,7083.63,99.38,Стандарт 
Batch_0177,2025-04-20,1,7513.17,1100.0,5.3,19.3,2769.0,4.0,420.0,2.5,7214.53,98.82,низкий
Batch_0178,2025-03-09,1,5809.27,1081.7,4.2,25.3,2561.4,3.5,,,5462.49,98.81,низкий
Batch_0179,2025-02-05,0,4540.13,,,24.9,3025.3,,,,0.0,,Брак
Batch_0180,2025-07-09,1,8658.77,1054.0,3.8,25.4,2227.7,3.5,399.0,2.4,8483.11,98.68,низкий
Batch_0181,2025-03-22,1,5972.88,1097.5,6.0,25.3,2618.7,4.9,300.0,2.3,5626.72,98.86,низкий
Batch_0182,2025-10-06,0,7018.98,1082.3,3.9,,,,,,0.0,,Брак 
Batch_0183,2025-06-04,1,5845.27,1107.8,3.7,19.0,2709.5,4.0,372.0,2.2,5496.92,97.98,Низкий
Batch_0184,2025-12-08,1,8368.49,1077.6,3.9,28.8,2132.9,2.4,,,8007.65,98.91,низкий
Batch_0185,2025-12-06,1,6886.0,1087.4,4.7,26.8,3304.6,4.1,435.0,1.6,6557.21,99.6,Стандарт
Batch_0186,2025-03-10,1,7991.9,1069.6,6.5,29.0,2862.0,3.7,420.0,2.4,7732.45,99.02,стандарт
Batch_0187,2025-03-01,1,6152.65,1080.4,4.0,18.3,3291.6,3.0,,,5884.3,97.76,Низкий
Batch_0188,2025-10-11,1,5822.97,1096.7,7.0,23.4,3376.5,3.5,,,5591.32,99.85,Стандарт
Batch_0189,2025-05-20,1,4194.98,1068.5,3.6,27.1,2917.0,4.7,491.0,1.6,4092.35,99.34,стандарт
Batch_0190,2025-11-06,1,8920.07,1079.6,6.9,22.7,2771.0,3.6,411.0,2.1,8656.71,99.67,Стандарт
Batch_0191,2025-06-25,1,5511.67,1066.1,6.9,24.7,2694.6,2.4,425.0,2.0,5269.55,99.89,Стандарт
Batch_0192,2025-12-18,1,7117.03,1072.0,5.7,20.4,2790.3,,409.0,1.5,6964.45,99.77,Стандарт 
Batch_0193,2025-05-16,1,6666.93,1089.6,3.9,27.5,2551.5,4.8,393.0,3.0,6395.83,99.71,Стандарт 
Batch_0194,2025-09-08,1,5876.65,1079.1,4.2,27.1,2773.1,3.5,473.0,3.0,5619.86,99.66,стандарт
Batch_0195,2025-01-27,1,6867.64,1082.0,6.5,23.3,3693.9,2.2,390.0,2.0,6627.71,99.8,Стандарт
Batch_0196,2025-11-21,0,6384.22,1082.7,6.0,19.6,2598.8,,,,0.0,,брак
Batch_0197,2025-05-22,1,8022.19,1099.3,4.5,18.2,3475.7,4.2,451.0,2.5,7752.18,98.23,Низкий
Batch_0198,2025-01-02,1,4443.02,1092.7,3.8,22.9,2814.2,3.0,462.0,2.9,4189.29,99.84,стандарт
Batch_0199,2025-03-08,1,5497.83,1106.8,6.0,18.6,2145.8,2.9,356.0,2.6,5372.31,97.66,низкий
Batch_0200,2025-03-24,1,6382.18,1085.0,5.7,29.7,3207.0,3.9,478.0,2.0,6113.96,99.32,Стандарт 
Batch_0201,2025-08-15,1,4358.88,1097.1,6.4,27.6,3105.0,2.4,354.0,2.0,4146.91,98.69,низкий
Batch_0202,2025-10-15,1,4271.66,1070.4,4.6,18.0,3022.3,,441.0,1.1,4158.78,97.76,Низкий
Batch_0203,2025-02-27,1,5581.35,1064.8,6.4,21.8,3577.9,3.3,375.0,2.9,5266.4,99.46,Стандарт
Batch_0204,2025-12-20,1,5938.24,1072.7,6.0,18.1,2333.9,4.0,452.0,2.9,5748.82,98.31,Низкий
Batch_0205,2025-10-07,1,7220.75,1091.1,5.3,23.2,2915.4,3.1,310.0,2.5,6907.8,99.65,Стандарт
Batch_0206,2025-07-09,1,5059.97,1083.1,5.2,28.6,2431.5,3.8,327.0,2.3,4905.86,98.94,Низкий
Batch_0207,2025-08-09,1,5975.65,1087.9,4.5,22.4,2116.2,3.5,467.0,1.0,5707.72,98.97,Низкий
Batch_0208,2025-01-22,0,4621.84,,,,,,,,0.0,,брак
Batch_0209,2025-07-06,1,6654.69,1082.8,3.5,23.6,3927.0,4.0,455.0,2.5,6394.17,99.87,Стандарт
Batch_0210,2025-07-03,1,4084.74,1081.4,4.4,18.2,2586.6,3.6,374.0,1.0,3888.64,97.93,Низкий
Batch_0211,2025-12-16,1,4117.97,1087.9,6.2,27.4,2916.0,2.9,,,3908.49,98.85,Низкий
Batch_0212,2025-12-08,1,7737.22,1085.3,6.9,18.9,2731.4,2.6,424.0,2.6,7451.96,97.39,Низкий
Batch_0213,2025-07-01,1,5940.83,1088.5,4.4,22.1,3835.0,3.4,442.0,1.1,5619.38,98.51,низкий
Batch_0214,2025-11-14,1,6238.37,1085.6,4.3,24.0,3359.2,2.8,392.0,2.1,5972.07,98.56,Низкий
Batch_0215,2025-05-02,1,6227.71,1093.8,3.7,28.1,3962.4,4.6,492.0,1.4,6091.06,99.89,Стандарт
Batch_0216,2025-04-01,1,8905.72,1078.6,5.6,18.9,3244.7,2.6,482.0,2.9,8713.4,97.75,низкий
Batch_0217,2025-01-13,1,4808.36,1060.7,6.0,21.0,3281.2,2.5,454.0,2.0,4522.19,98.51,Низкий
Batch_0218,2025-06-20,1,8630.97,1066.2,4.6,28.2,3457.7,3.3,,,8279.13,99.43,стандарт
Batch_0219,2025-12-09,1,5444.42,1094.1,6.7,29.9,2089.8,3.1,451.0,2.8,5324.84,99.31,Стандарт 
Batch_0220,2025-05-08,1,7937.75,1055.4,5.8,20.9,2383.2,2.3,344.0,1.1,7472.92,98.75,низкий
Batch_0221,2025-03-23,1,5412.39,1098.4,5.5,23.2,3160.2,4.3,371.0,2.8,5292.55,99.75,Стандарт 
Batch_0222,2025-02-25,1,7901.83,1063.2,5.6,20.2,2663.1,2.6,,,7449.53,99.82,стандарт
Batch_0223,2025-01-20,1,6047.06,1084.8,6.4,22.0,3387.2,4.0,475.0,2.1,5752.56,99.1,стандарт
Batch_0224,2025-04-24,0,4639.33,1074.9,6.9,,,,,,0.0,,Брак
Batch_0225,2025-08-24,1,5519.71,1085.5,3.5,26.8,3933.7,4.0,470.0,1.8,5255.41,98.96,низкий
Batch_0226,2025-06-06,1,8083.9,1096.8,6.3,29.8,3508.5,3.8,316.0,2.1,7828.23,98.73,Низкий
Batch_0227,2025-04-25,1,6918.86,1081.2,3.6,21.2,3203.1,4.1,321.0,2.0,6644.57,99.02,Стандарт
Batch_0228,2025-12-04,1,8137.53,1080.2,6.7,26.3,3458.0,2.8,339.0,1.7,7758.52,99.87,Стандарт
Batch_0229,2025-07-24,1,7505.85,1111.9,5.5,29.4,2992.5,2.5,447.0,1.8,7063.06,99.67,стандарт
Batch_0230,2025-05-23,0,7518.5,1062.2,6.0,24.6,3934.1,,,,0.0,,Брак
Batch_0231,2025-05-23,0,6523.98,1079.6,6.5,,,,,,0.0,,брак
Batch_0232,2025-11-25,1,6763.54,1077.8,4.5,28.5,3345.4,2.8,414.0,2.7,6602.86,98.52,низкий
Batch_0233,2025-12-14,1,4259.18,1072.1,4.5,21.7,2705.9,3.0,381.0,1.1,4137.16,98.9,низкий
Batch_0234,2025-01-15,1,7427.22,1082.7,6.8,25.7,3343.0,2.6,450.0,1.2,7064.13,98.89,Низкий
Batch_0235,2025-05-14,1,8901.84,1076.8,5.3,20.2,3941.4,3.2,441.0,1.8,8491.12,99.06,Стандарт
Batch_0236,2025-10-25,1,5026.66,1071.2,5.8,29.6,3207.3,2.2,359.0,1.2,4845.51,99.37,стандарт
Batch_0237,2025-01-20,1,5337.01,1993.0,4.4,26.1,3413.3,2.9,420.0,2.7,5218.9,98.24,Низкий
Batch_0238,2025-11-02,1,7682.68,1069.9,4.2,25.1,3402.3,3.2,,,7400.86,98.85,низкий
Batch_0239,2025-06-26,1,8787.91,1079.2,5.9,29.7,2203.8,,319.0,2.5,8582.11,99.11,Стандарт 
Batch_0240,2025-06-10,1,6172.02,1091.3,3.5,25.1,3226.6,2.7,318.0,1.4,6018.33,99.53,стандарт
Batch_0241,2025-11-07,0,5241.88,,,,,,,,0.0,,Брак 
Batch_0242,2025-03-01,1,4312.63,1095.2,5.9,19.0,3903.0,4.4,487.0,2.1,4088.42,98.12,низкий
Batch_0243,2025-10-23,1,6607.25,1107.3,4.8,29.0,3168.9,2.8,479.0,2.3,6418.91,99.14,Стандарт
Batch_0244,2025-05-11,1,5241.92,1060.8,5.8,29.2,2128.0,2.9,304.0,1.6,5032.79,98.58,Низкий
Batch_0245,2025-12-29,1,8635.55,1054.5,6.2,22.9,3310.3,2.5,314.0,1.4,8346.85,99.73,стандарт
Batch_0246,2025-01-01,1,7425.67,1069.9,4.4,24.2,3071.1,3.1,458.0,1.6,7251.55,99.83,Стандарт 
Batch_0247,2025-10-03,1,5772.12,1068.2,6.8,28.5,2205.1,3.7,339.0,2.7,5582.09,99.67,Стандарт 
Batch_0248,2025-12-10,1,7741.78,1068.5,5.9,20.2,3387.9,2.4,300.0,2.4,7504.08,99.22,Стандарт
Batch_0249,2025-07-06,1,4417.77,1833.1,6.6,20.9,2708.5,2.7,422.0,1.5,4162.91,98.58,низкий
Batch_0250,2025-02-05,1,8799.31,1090.4,5.4,23.0,2857.9,4.1,334.0,2.0,8416.35,99.72,Стандарт 
Batch_0251,2025-06-19,1,6662.52,1071.1,4.7,19.7,3384.1,3.2,341.0,2.0,6374.51,97.23,низкий
Batch_0252,2025-12-06,0,6371.28,1088.8,5.7,21.0,2020.0,,,,0.0,,Брак
Batch_0253,2025-06-03,1,6678.28,1090.4,5.2,22.0,3583.1,2.6,477.0,1.9,6297.8,99.04,Стандарт 
Batch_0254,2025-06-08,1,8508.87,1090.1,3.7,28.5,2778.8,4.9,,,8219.0,98.6,низкий
Batch_0255,2025-06-17,1,8019.07,1068.8,4.7,22.5,2137.4,3.4,431.0,2.4,7540.61,98.8,низкий
Batch_0256,2025-12-23,1,6419.95,1960.9,6.2,24.6,2132.9,3.8,450.0,2.6,6167.78,97.93,низкий
Batch_0257,2025-10-11,1,7711.27,1074.7,4.2,28.7,3500.0,4.3,431.0,2.8,7427.13,99.39,Стандарт
Batch_0258,2025-04-09,1,6369.61,1072.3,4.6,20.9,2429.8,4.7,338.0,1.2,6164.8,99.04,стандарт
Batch_0259,2025-12-07,1,7297.55,1075.2,4.5,26.3,2528.1,3.9,354.0,1.4,7062.46,98.81,низкий
Batch_0260,2025-12-13,1,5323.18,1093.3,6.2,20.3,2176.8,3.1,306.0,1.5,5010.96,99.73,Стандарт 
Batch_0261,2025-03-31,1,6786.69,1094.4,5.8,21.9,3795.8,3.0,499.0,2.7,6608.84,98.85,низкий
Batch_0262,2025-07-27,1,4336.28,1096.4,6.5,30.0,2483.0,,326.0,1.0,4138.62,99.6,Стандарт 
Batch_0263,2025-01-01,1,5563.89,1094.2,4.3,18.2,3528.7,4.3,,,5416.36,98.3,низкий
Batch_0264,2025-05-27,1,8322.17,1087.2,6.1,23.3,3414.8,2.7,486.0,2.9,7936.66,99.24,Стандарт
Batch_0265,2025-08-09,1,8978.16,1085.4,5.8,27.7,3430.2,2.2,435.0,2.4,8573.47,99.82,Стандарт 
Batch_0266,2025-11-07,1,6501.8,1100.2,4.5,19.9,3271.9,2.5,391.0,2.3,6329.47,98.22,низкий
Batch_0267,2025-08-27,1,7048.49,1105.1,6.4,27.6,3921.8,3.5,331.0,2.1,6703.68,99.79,стандарт
Batch_0268,2025-08-15,1,6964.2,1072.9,5.6,28.6,3765.8,2.6,477.0,1.4,6751.77,98.9,Низкий
Batch_0269,2025-09-19,1,8986.19,1082.8,6.6,25.5,3946.8,4.5,,,8567.53,98.59,низкий
Batch_0270,2025-03-28,1,8084.87,1075.0,4.2,20.8,2938.2,2.3,329.0,2.9,7845.33,99.85,Стандарт 
Batch_0271,2025-02-13,1,5391.84,1082.3,4.6,21.6,2465.0,2.8,435.0,1.1,5113.73,99.63,стандарт
Batch_0272,2025-09-21,1,5713.23,1056.2,5.5,27.6,2274.3,3.5,425.0,1.5,5481.92,98.62,низкий
Batch_0273,2025-02-17,1,5532.32,1082.7,3.7,23.0,2916.9,3.7,455.0,2.7,5269.84,99.25,Стандарт
Batch_0274,2025-12-11,1,8947.26,1067.2,5.2,26.9,2985.1,4.5,472.0,1.8,8527.9,99.14,стандарт
Batch_0275,2025-04-26,1,4630.01,1077.5,6.8,20.1,3135.5,3.5,346.0,2.1,4421.14,99.43,Стандарт
Batch_0276,2025-03-17,1,6854.39,1071.4,4.1,27.9,2571.4,4.9,329.0,1.7,6661.85,99.01,Стандарт
Batch_0277,2025-01-24,0,6783.92,1074.3,6.3,,,,,,0.0,,Брак
Batch_0278,2025-09-01,1,5102.52,1079.6,4.4,18.0,3741.3,3.9,330.0,1.9,4868.05,97.65,Низкий
Batch_0279,2025-08-22,1,4200.3,1093.1,4.2,20.9,3816.9,3.4,331.0,2.0,4020.52,99.34,стандарт
Batch_0280,2025-11-19,1,7847.24,1079.2,3.6,20.5,2680.8,3.8,402.0,2.0,7392.18,98.55,Низкий
Batch_0281,2025-12-23,1,6190.89,1090.7,4.1,18.3,2898.1,2.1,322.0,2.2,5889.03,97.86,низкий
Batch_0282,2025-09-11,1,5960.47,1089.9,4.3,26.1,3131.6,3.2,,,5607.41,99.66,стандарт
Batch_0283,2025-05-05,1,7876.22,1078.3,4.7,18.4,3923.0,4.8,422.0,2.4,7503.69,98.24,Низкий
Batch_0284,2025-12-02,1,7695.33,1098.1,7.0,21.7,2679.9,3.3,369.0,2.7,7521.56,98.76,Низкий
Batch_0285,2025-02-24,1,8643.15,1107.1,3.8,20.0,3190.4,4.9,400.0,1.5,8287.38,99.43,стандарт
Batch_0286,2025-04-23,1,7769.34,1070.8,4.9,28.6,3791.1,2.9,354.0,1.4,7360.56,98.98,Низкий
Batch_0287,2025-12-23,1,8154.75,1111.2,6.1,24.4,2575.9,2.9,387.0,1.3,7703.49,99.27,Стандарт 
Batch_0288,2025-08-26,1,5719.79,1093.2,6.4,24.8,3314.1,3.2,302.0,2.7,5559.86,98.65,Низкий
Batch_0289,2025-10-13,1,6319.91,1088.0,6.9,20.6,2134.5,4.2,,,6107.24,99.25,Стандарт
Batch_0290,2025-03-04,1,4862.62,1090.0,6.4,29.8,2519.3,3.3,310.0,1.1,4705.46,99.14,стандарт
Batch_0291,2025-03-10,1,7069.85,1082.7,5.5,22.3,3647.1,3.4,373.0,2.6,6738.47,98.79,низкий
Batch_0292,2025-12-08,0,6333.47,,,20.7,2762.0,,,,0.0,,Брак 
Batch_0293,2025-10-14,1,8118.12,1057.0,6.8,19.4,3867.5,3.6,,,7785.47,98.41,низкий
Batch_0294,2025-08-15,1,8855.75,1079.2,6.0,18.8,2835.3,3.8,432.0,1.2,8450.04,98.37,низкий
Batch_0295,2025-10-08,1,8073.36,1064.4,3.9,22.3,2826.3,4.0,,,7716.6,98.75,низкий
Batch_0296,2025-03-23,1,8136.51,1074.4,5.0,20.0,3758.7,2.7,446.0,2.9,7720.07,99.74,Стандарт 
Batch_0297,2025-09-01,1,8582.1,1066.0,6.1,24.4,3354.9,4.2,329.0,2.7,8252.65,99.68,стандарт
Batch_0298,2025-05-13,1,5895.2,1110.5,4.4,28.1,2968.0,2.9,365.0,1.1,5605.63,98.51,Низкий
Batch_0299,2025-11-23,1,8828.74,1072.0,5.8,27.7,3893.5,4.3,498.0,1.1,8512.15,99.42,стандарт
Batch_0300,2025-09-24,1,4601.94,1104.2,4.1,25.5,2445.4,3.6,332.0,1.3,4402.79,99.56,стандарт
Batch_0301,2025-11-17,1,4420.64,1100.7,4.1,20.8,2047.4,4.9,346.0,2.7,4319.22,99.09,Стандарт
Batch_0302,2025-05-21,0,4196.96,1109.8,4.9,,,,,,0.0,,брак
Batch_0303,2025-02-09,1,4056.51,1083.7,5.6,22.8,3947.6,2.8,354.0,2.8,3873.92,99.27,Стандарт 
Batch_0304,2025-05-27,0,6130.61,1084.4,6.3,,,,,,0.0,,Брак
Batch_0305,2025-05-20,1,8086.53,1083.3,4.7,28.4,2167.0,4.3,,,7760.65,99.12,стандарт
Batch_0306,2025-06-13,1,5972.86,1071.6,4.1,24.9,3610.9,2.5,354.0,1.7,5712.07,99.45,Стандарт 
Batch_0307,2025-02-11,0,4173.36,,,20.3,3283.0,,,,0.0,,Брак
Batch_0308,2025-03-19,1,8430.43,1070.0,4.9,20.9,3344.8,4.0,379.0,1.3,8173.45,99.0,Стандарт
Batch_0309,2025-07-16,1,5353.22,1073.7,7.0,19.9,3976.8,4.4,416.0,2.7,5094.0,98.04,Низкий
Batch_0310,2025-12-28,1,6137.43,1102.2,4.2,29.2,3378.2,3.7,303.0,2.6,5779.04,99.75,Стандарт
Batch_0311,2025-02-02,1,5470.34,1088.1,6.2,21.0,3731.1,2.4,435.0,2.7,5213.09,99.45,стандарт
Batch_0312,2025-07-28,1,7015.75,1059.2,4.5,27.2,2452.5,2.7,449.0,1.4,6611.63,98.68,низкий
Batch_0313,2025-10-05,1,8247.23,1112.4,6.1,22.1,2957.1,3.0,303.0,1.2,7837.7,98.54,низкий
Batch_0314,2025-08-01,1,6131.99,1076.8,5.8,29.6,2100.8,3.7,400.0,1.1,5786.12,99.34,Стандарт
Batch_0315,2025-04-16,1,8586.34,1071.9,4.0,26.6,2586.7,4.1,458.0,2.4,8304.58,99.82,стандарт
Batch_0316,2025-07-19,1,4005.56,1094.8,5.7,25.1,2032.5,3.0,411.0,1.7,3786.79,98.63,Низкий
Batch_0317,2025-10-22,1,8591.99,1067.9,3.9,22.8,3457.9,2.4,,,8321.22,99.0,стандарт
Batch_0318,2025-09-02,1,4064.49,1094.1,3.8,24.6,2760.0,3.2,319.0,1.6,3836.33,98.75,Низкий
Batch_0319,2025-06-30,1,6220.52,1126.5,6.6,29.9,3165.4,3.0,381.0,2.3,6017.03,98.55,низкий
Batch_0320,2025-07-19,1,4641.63,1101.5,6.1,28.5,2999.9,3.9,305.0,1.6,4445.39,99.36,стандарт
Batch_0321,2025-10-03,1,4981.23,1100.9,6.9,19.3,2957.0,3.6,,,4693.72,97.56,Низкий
Batch_0322,2025-09-07,1,5168.7,1114.6,4.4,21.7,3227.3,4.4,446.0,1.7,4991.1,99.15,Стандарт
Batch_0323,2025-05-20,1,7508.69,1084.7,4.8,28.9,2041.9,2.2,440.0,1.7,7261.1,99.05,стандарт
Batch_0324,2025-09-06,1,6270.92,1088.3,6.9,22.5,2124.1,3.5,432.0,3.0,6007.98,99.0,Стандарт
Batch_0325,2025-07-19,1,4575.73,1070.3,5.0,22.6,3319.4,3.9,,,4450.12,99.82,стандарт
Batch_0326,2025-12-09,1,8772.83,1121.7,5.5,22.8,2676.2,3.2,447.0,1.4,8267.01,98.56,низкий
Batch_0327,2025-03-26,1,6884.91,1076.9,6.3,24.5,2158.6,4.7,359.0,1.3,6513.52,99.11,стандарт
Batch_0328,2025-03-07,1,4403.08,1092.6,6.4,19.0,2953.7,4.5,355.0,2.9,4160.8,98.25,Низкий
Batch_0329,2025-07-21,1,7610.33,1107.3,4.9,24.2,3161.3,4.0,462.0,2.9,7160.43,99.88,Стандарт 
Batch_0330,2025-10-16,0,8071.93,,,,,,,,0.0,,Брак 
Batch_0331,2025-01-14,1,7219.78,1087.0,6.7,22.6,2432.7,2.1,465.0,2.2,6888.57,99.62,Стандарт
Batch_0332,2025-11-26,1,8129.66,1076.2,6.2,25.2,2828.3,3.6,344.0,2.3,7827.76,98.76,низкий
Batch_0333,2025-03-11,0,7021.8,1061.8,5.8,,,,,,0.0,,брак
Batch_0334,2025-04-04,1,4816.83,1087.0,4.2,22.6,2102.3,3.5,377.0,2.7,4555.82,99.21,Стандарт
Batch_0335,2025-05-14,0,4355.78,1100.2,5.5,18.6,2196.0,,,,0.0,,брак
Batch_0336,2025-06-17,0,4926.38,1087.7,5.8,,,,,,0.0,,Брак
Batch_0337,2025-08-21,1,8210.83,1060.4,4.8,29.9,3368.6,2.4,411.0,1.2,7719.56,99.44,стандарт
Batch_0338,2025-06-22,1,6053.94,1086.8,5.0,18.3,2670.7,2.3,420.0,2.5,5767.07,98.31,низкий
Batch_0339,2025-05-23,0,4895.16,1092.7,5.2,18.9,2561.2,,,,0.0,,брак
Batch_0340,2025-05-10,1,7912.13,1114.0,4.3,28.5,3661.2,3.2,496.0,1.4,7690.32,98.97,Низкий
Batch_0341,2025-08-29,1,6100.06,1091.5,6.5,18.7,3384.1,3.2,381.0,2.0,5977.21,97.51,Низкий
Batch_0342,2025-10-04,1,4665.05,1092.1,6.8,28.6,3814.1,2.6,434.0,2.0,4463.22,99.0,Стандарт
Batch_0343,2025-06-29,1,6877.97,1123.5,5.5,20.5,3484.5,,456.0,2.1,6537.14,98.78,Низкий
Batch_0344,2025-11-29,1,7675.13,1064.6,5.2,19.6,2522.7,3.8,358.0,1.0,7366.97,97.67,Низкий
Batch_0345,2025-11-30,0,6924.14,1083.3,3.8,24.6,2814.7,,,,0.0,,Брак
Batch_0346,2025-01-16,1,8482.87,1065.5,3.6,28.3,3154.2,3.8,386.0,2.5,8283.71,99.3,Стандарт
Batch_0347,2025-04-13,1,5343.99,1072.8,5.4,25.1,2853.0,2.2,,,5060.08,99.23,Стандарт
Batch_0348,2025-11-15,1,5416.42,1069.0,6.3,18.2,3298.8,4.4,304.0,1.3,5283.43,98.08,Низкий
Batch_0349,2025-05-03,1,7395.33,1094.7,3.7,20.8,3794.8,2.7,472.0,2.0,7151.25,98.83,Низкий
Batch_0350,2025-08-31,1,7800.03,1079.5,4.9,20.5,3953.1,4.8,456.0,2.5,7547.83,99.85,Стандарт 
Batch_0351,2025-02-28,1,4653.59,1093.0,4.2,24.1,2624.4,3.9,346.0,1.8,4424.48,98.78,Низкий
Batch_0352,2025-08-27,1,8546.26,1109.3,6.1,28.8,3692.2,4.9,368.0,1.1,8199.68,98.65,низкий
Batch_0353,2025-07-08,1,5584.71,1079.3,6.5,28.3,3529.3,4.1,437.0,1.7,5361.45,99.4,Стандарт
Batch_0354,2025-11-07,1,4599.76,1095.8,6.3,28.3,2274.6,3.0,450.0,2.6,4497.78,98.94,Низкий
Batch_0355,2025-03-25,1,4658.43,1097.7,4.4,28.5,2337.7,4.2,470.0,1.8,4410.28,99.67,стандарт
Batch_0356,2025-02-25,1,4945.98,1102.3,5.3,25.3,2921.8,4.5,321.0,2.7,4781.97,99.48,Стандарт 
Batch_0357,2025-01-14,1,8396.4,1081.7,6.6,18.6,3922.8,3.9,350.0,2.9,7992.79,98.69,низкий
Batch_0358,2025-10-22,1,4053.58,1071.1,6.9,22.4,2714.4,3.6,476.0,2.0,3892.69,98.69,низкий
Batch_0359,2025-07-23,1,5249.86,1099.9,5.0,23.1,3570.1,4.5,384.0,1.9,4988.76,99.55,Стандарт 
Batch_0360,2025-04-12,1,5604.27,1110.5,7.0,23.2,3841.4,2.2,384.0,1.4,5268.06,99.78,Стандарт
Batch_0361,2025-10-31,1,7711.46,1089.8,5.0,19.4,3024.8,3.1,444.0,1.2,7259.75,99.16,Стандарт 
Batch_0362,2025-11-18,0,4949.38,,,,,,,,0.0,,Брак
Batch_0363,2025-02-22,1,5706.22,1087.5,5.9,24.1,3722.9,2.0,392.0,3.0,5474.14,99.88,Стандарт 
Batch_0364,2025-06-04,1,5243.02,1089.3,4.7,18.1,2807.0,4.5,466.0,1.0,4992.99,98.1,Низкий
Batch_0365,2025-10-17,0,4935.62,1076.6,4.5,,,,,,0.0,,Брак
Batch_0366,2025-06-27,1,8379.52,1053.9,3.9,29.4,2120.5,2.9,333.0,2.6,7917.81,99.39,Стандарт 
Batch_0367,2025-08-08,1,4352.68,1083.7,4.2,27.9,3089.3,4.9,472.0,1.3,4240.2,98.52,низкий
Batch_0368,2025-02-05,1,7847.21,1082.5,4.5,21.5,2754.1,3.6,438.0,1.3,7473.78,99.2,Стандарт 
Batch_0369,2025-11-28,1,7697.35,1088.2,4.0,24.6,2174.9,3.2,,,7319.87,99.84,стандарт
Batch_0370,2025-01-07,1,5761.64,1079.0,6.8,19.7,3527.0,4.9,455.0,1.7,5560.6,98.12,низкий
Batch_0371,2025-09-08,1,8588.24,1067.2,5.7,27.7,2138.1,2.9,371.0,1.3,8277.85,99.64,Стандарт
Batch_0372,2025-08-10,1,4661.34,1073.3,5.7,25.2,3392.2,4.5,394.0,2.6,4415.25,98.65,низкий
Batch_0373,2025-11-22,1,5714.65,1069.6,3.6,26.3,2632.2,3.8,377.0,1.2,5405.41,98.92,низкий
Batch_0374,2025-12-29,0,8554.13,,,,,,,,0.0,,Брак
Batch_0375,2025-08-11,1,5538.4,1094.9,5.4,28.6,3108.0,2.6,483.0,1.7,5288.53,99.56,Стандарт
Batch_0376,2025-09-25,1,8760.31,1072.9,5.6,28.6,2099.2,3.4,449.0,2.8,8383.19,98.98,низкий
Batch_0377,2025-11-12,1,6224.26,1095.5,5.5,27.1,3623.6,3.3,373.0,2.6,6085.08,99.37,Стандарт 
Batch_0378,2025-09-05,1,8025.49,1081.2,4.9,18.6,2803.8,3.4,371.0,2.3,7603.81,98.5,низкий
Batch_0379,2025-08-12,1,5459.56,1062.5,6.9,26.6,3914.3,3.4,405.0,2.4,5187.06,99.13,Стандарт 
Batch_0380,2025-10-31,1,5029.9,1807.9,6.9,20.9,3326.6,3.7,446.0,2.2,4875.23,98.59,низкий
Batch_0381,2025-06-15,1,5708.21,1083.6,3.7,28.8,2238.8,4.4,379.0,1.9,5560.83,98.98,Низкий
Batch_0382,2025-02-14,1,4440.67,1080.1,5.0,20.0,3413.2,3.9,342.0,1.1,4231.44,99.28,стандарт
Batch_0383,2025-08-19,1,7334.64,1090.4,6.8,26.6,3860.3,2.8,,,7107.58,98.67,Низкий
Batch_0384,2025-08-26,1,6662.35,1067.7,4.8,25.4,3939.6,4.8,418.0,1.4,6440.28,99.37,Стандарт 
Batch_0385,2025-11-09,1,6448.93,1090.2,4.7,24.2,2395.1,2.6,,,6174.53,99.42,Стандарт 
Batch_0386,2025-07-14,1,5383.77,1093.3,6.7,24.0,2655.8,2.1,367.0,2.8,5063.33,99.27,стандарт
Batch_0387,2025-01-15,1,6425.09,1082.1,6.9,24.2,3228.4,3.5,315.0,1.2,6254.82,98.84,низкий
Batch_0388,2025-06-16,1,6524.56,1086.8,3.9,18.4,2105.5,2.4,,,6247.37,98.92,Низкий
Batch_0389,2025-09-07,1,4199.61,1074.9,5.5,24.9,2664.9,2.3,320.0,2.5,4109.95,99.86,Стандарт
Batch_0390,2025-07-01,1,7003.96,1097.9,5.1,23.8,3515.6,3.0,311.0,2.0,6839.45,99.35,стандарт
Batch_0391,2025-06-24,1,5248.72,1063.8,6.5,24.7,3029.5,2.0,375.0,2.2,4950.53,99.46,стандарт
Batch_0392,2025-11-02,1,6878.33,1106.9,4.9,28.6,3297.4,3.9,362.0,1.4,6715.68,99.56,Стандарт 
Batch_0393,2025-05-22,1,5504.83,1091.7,6.1,23.7,2451.6,2.1,394.0,1.3,5391.35,98.79,Низкий
Batch_0394,2025-09-22,1,5017.67,1110.2,3.6,18.4,2891.7,4.7,,,4824.66,98.89,Низкий
Batch_0395,2025-02-13,1,4668.48,1056.3,6.1,29.3,3353.2,4.8,366.0,2.4,4531.29,99.8,Стандарт
Batch_0396,2025-07-28,1,7989.99,1082.6,4.5,21.7,3965.9,4.2,375.0,2.6,7649.47,99.72,стандарт
Batch_0397,2025-10-12,1,8738.43,1075.6,4.6,27.1,2787.5,3.3,346.0,1.1,8318.96,99.16,Стандарт
Batch_0398,2025-12-20,1,5773.99,1086.8,6.6,19.8,3195.6,3.3,382.0,2.0,5429.25,98.31,низкий
Batch_0399,2025-11-27,0,5841.25,1075.5,5.0,28.9,3434.5,,,,0.0,,Брак 
Batch_0400,2025-09-09,1,7989.02,1062.2,4.9,29.6,3394.3,4.6,314.0,2.1,7642.99,99.73,стандарт
Batch_0401,2025-01-09,1,8132.32,1045.5,3.7,29.7,3025.2,3.4,361.0,1.4,7686.37,98.92,Низкий
Batch_0402,2025-05-31,1,6358.13,1077.7,6.8,22.1,3976.2,2.5,392.0,2.4,6226.82,98.57,Низкий
Batch_0403,2025-07-27,0,7602.28,,,,,,,,0.0,,Брак 
Batch_0404,2025-05-05,0,4109.23,1070.5,4.0,,,,,,0.0,,брак
Batch_0405,2025-12-06,1,6141.76,1090.9,5.0,24.4,2954.0,4.7,367.0,2.2,6000.97,99.85,Стандарт 
Batch_0406,2025-07-08,1,6264.12,1089.0,6.9,19.7,3159.7,2.8,500.0,1.1,6033.24,97.96,низкий
Batch_0407,2025-10-11,1,6552.3,1076.3,4.6,29.6,3889.4,3.7,301.0,2.6,6407.72,98.63,низкий
Batch_0408,2025-08-06,1,8803.73,1081.1,3.5,21.1,2899.9,4.2,358.0,2.1,8463.32,99.07,Стандарт 
Batch_0409,2025-10-09,1,8887.28,1122.7,4.3,24.5,3389.9,5.0,374.0,2.5,8414.64,98.5,низкий
Batch_0410,2025-06-30,1,7908.9,1084.4,6.3,24.9,2684.1,2.7,401.0,1.5,7437.24,99.41,Стандарт 
Batch_0411,2025-08-21,1,6227.59,1101.1,4.0,24.8,3736.0,4.2,318.0,1.9,5952.2,99.71,стандарт
Batch_0412,2025-06-06,1,8833.67,1088.2,4.4,22.2,3791.1,3.3,405.0,2.4,8400.28,99.53,стандарт
Batch_0413,2025-04-29,0,4246.47,,,,,,,,0.0,,Брак
Batch_0414,2025-04-09,1,6455.1,1076.0,6.9,22.9,2889.4,5.0,436.0,2.4,6224.61,98.62,низкий
Batch_0415,2025-03-03,1,4320.47,1070.5,6.1,20.5,3683.2,,392.0,1.4,4084.36,99.83,Стандарт 
Batch_0416,2025-10-02,0,4995.47,,,24.5,2251.3,,,,0.0,,Брак 
Batch_0417,2025-04-05,1,5193.76,1109.7,4.3,22.4,2781.8,4.9,348.0,1.1,4947.97,98.87,Низкий
Batch_0418,2025-04-21,1,7888.64,1074.2,6.5,22.3,3374.5,2.2,302.0,1.8,7519.26,99.47,Стандарт 
Batch_0419,2025-09-05,1,5520.47,1078.0,6.0,26.3,3974.7,4.0,483.0,1.3,5355.25,99.3,стандарт
Batch_0420,2025-10-29,1,6372.17,1058.2,5.5,28.7,3138.6,3.6,,,6049.19,99.19,Стандарт 
Batch_0421,2025-11-02,1,4908.82,1067.7,5.1,19.6,3855.5,4.1,455.0,2.6,4765.04,97.52,низкий
Batch_0422,2025-02-21,1,6886.77,1072.3,5.1,24.3,2068.8,2.2,359.0,2.1,6510.32,99.47,Стандарт
Batch_0423,2025-06-01,1,4816.77,1049.4,3.9,25.8,3736.0,3.9,,,4549.42,98.57,Низкий
Batch_0424,2025-07-04,1,4678.31,1115.6,4.8,29.3,3220.8,4.1,447.0,1.6,4517.21,98.98,Низкий
Batch_0425,2025-06-04,1,5317.76,1101.2,6.4,29.7,3951.2,4.5,429.0,1.3,5137.0,99.88,Стандарт
Batch_0426,2025-12-29,1,6195.65,1099.1,4.8,27.9,3403.0,2.2,394.0,2.9,5982.79,98.94,Низкий
Batch_0427,2025-05-21,1,4330.28,1079.7,4.7,26.2,3324.5,2.8,325.0,2.3,4077.36,99.34,Стандарт
Batch_0428,2025-01-28,1,8454.16,1051.7,5.1,18.9,3341.5,2.7,468.0,2.8,8029.15,98.58,низкий
Batch_0429,2025-12-24,1,8555.6,1081.8,4.7,24.6,2182.7,3.7,338.0,1.4,8061.77,99.32,Стандарт
Batch_0430,2025-11-23,1,4087.49,1102.7,5.5,27.8,2653.5,3.8,305.0,2.5,3944.53,99.31,стандарт
Batch_0431,2025-02-22,1,7376.15,1072.0,4.0,26.1,3717.2,3.9,321.0,2.6,7104.34,99.37,Стандарт
Batch_0432,2025-10-21,1,7516.39,1079.9,3.7,27.0,3701.7,3.9,492.0,1.1,7239.72,98.73,низкий
Batch_0433,2025-08-29,1,4879.45,1098.0,4.2,19.7,3518.0,4.7,429.0,1.5,4617.28,98.36,низкий
Batch_0434,2025-08-14,1,5547.31,1084.8,4.9,29.8,2584.5,3.1,350.0,2.8,5273.43,99.75,стандарт
Batch_0435,2025-04-05,1,7282.81,1094.9,5.9,21.6,2376.6,2.3,321.0,1.8,7077.6,98.7,Низкий
Batch_0436,2025-05-10,1,7217.14,1084.0,3.8,20.0,3847.5,3.1,407.0,2.4,6981.19,99.38,стандарт
Batch_0437,2025-02-28,1,4195.03,1087.5,6.4,29.9,2327.2,4.0,497.0,2.4,3984.21,99.62,Стандарт
Batch_0438,2025-07-25,1,7903.5,1099.2,4.8,25.6,2860.3,2.9,487.0,2.9,7484.55,99.72,стандарт
Batch_0439,2025-02-07,1,5264.19,1091.2,5.7,26.7,2514.3,2.1,425.0,1.3,5121.64,98.83,Низкий
Batch_0440,2025-03-19,1,6025.99,1081.5,3.9,18.2,3819.1,4.5,342.0,1.5,5824.21,98.44,Низкий
Batch_0441,2025-10-16,1,7975.55,1077.4,3.9,21.3,3631.9,2.3,496.0,2.3,7629.78,98.73,низкий
Batch_0442,2025-02-13,1,8104.25,1072.3,3.7,18.7,2240.8,4.8,469.0,1.9,7847.7,98.85,Низкий
Batch_0443,2025-03-02,1,7186.51,1093.2,7.0,23.7,3632.1,4.4,477.0,1.8,6929.03,99.38,Стандарт 
Batch_0444,2025-08-02,1,4721.56,1052.4,3.6,28.5,2472.9,4.2,401.0,1.3,4619.53,99.69,Стандарт 
Batch_0445,2025-11-02,1,6033.87,1085.8,5.1,24.2,2014.9,4.2,446.0,1.5,5868.09,99.32,Стандарт 
Batch_0446,2025-04-26,1,5183.6,1080.4,6.4,23.0,2516.6,4.0,398.0,1.4,5002.55,99.0,Стандарт 
Batch_0447,2025-07-14,1,6400.92,1097.2,6.3,23.4,3437.4,3.5,393.0,1.5,6251.1,98.97,низкий
Batch_0448,2025-08-15,1,6665.28,1086.9,5.4,19.6,2751.6,3.9,456.0,1.4,6309.24,97.64,низкий
Batch_0449,2025-10-29,1,6094.62,1066.5,5.6,19.3,3931.7,3.9,444.0,2.6,5893.11,97.97,низкий
Batch_0450,2025-06-06,0,5654.57,,,22.7,3465.2,,,,0.0,,Брак 
Batch_0451,2025-11-14,1,5060.41,1099.4,4.5,22.9,2468.7,,493.0,1.7,4825.3,98.51,Низкий
Batch_0452,2025-11-09,1,8127.2,1091.5,5.7,18.5,3245.1,3.1,462.0,1.8,7947.48,97.8,Низкий
Batch_0453,2025-04-17,1,8487.66,1077.4,3.8,29.2,3651.1,2.6,470.0,1.6,8301.7,98.57,Низкий
Batch_0454,2025-05-16,1,6687.91,1095.8,5.8,27.9,2026.6,3.4,314.0,2.4,6421.26,99.57,Стандарт 
Batch_0455,2025-02-11,1,4746.91,1086.7,4.1,28.5,3226.2,4.9,315.0,2.3,4510.17,99.63,Стандарт
Batch_0456,2025-05-03,1,8894.74,1109.1,4.0,24.6,3092.5,3.3,471.0,1.2,8393.33,98.87,Низкий
Batch_0457,2025-10-10,1,4644.51,1080.7,3.9,25.5,2712.1,2.7,347.0,2.4,4528.15,98.68,Низкий
Batch_0458,2025-03-22,1,6967.88,1067.3,6.0,27.1,2211.6,4.4,403.0,2.9,6699.11,99.05,Стандарт
Batch_0459,2025-07-29,1,6464.91,1081.2,5.2,28.2,3663.9,3.0,415.0,1.5,6282.33,99.18,стандарт
Batch_0460,2025-12-19,1,4534.1,1083.3,4.1,23.5,2614.2,,409.0,2.1,4326.72,99.13,Стандарт 
Batch_0461,2025-08-29,1,5886.74,1089.0,4.4,23.5,3519.0,4.1,,,5632.18,99.59,стандарт
Batch_0462,2025-01-17,1,6818.69,1079.7,6.6,22.2,3445.4,4.7,336.0,2.0,6431.92,98.77,Низкий
Batch_0463,2025-05-28,1,8882.45,1091.2,6.7,24.5,2539.5,4.0,353.0,2.3,8367.99,98.66,низкий
Batch_0464,2025-12-26,0,8997.3,1085.8,4.6,,,,,,0.0,,брак
Batch_0465,2025-02-06,1,5879.86,1107.3,5.4,18.9,2036.1,3.2,427.0,2.6,5636.76,98.4,Низкий
Batch_0466,2025-05-16,1,7915.8,1045.6,5.7,29.4,3159.5,2.2,,,7500.17,98.55,Низкий
Batch_0467,2025-08-06,1,7616.65,1123.2,6.4,19.9,2602.4,3.1,398.0,1.8,7460.23,97.6,Низкий
Batch_0468,2025-10-06,1,4272.55,1131.2,5.5,20.0,2395.4,3.8,323.0,2.9,4019.95,98.77,Низкий
Batch_0469,2025-11-28,1,4678.13,1105.4,5.9,25.7,3565.5,4.1,349.0,2.7,4436.61,98.6,Низкий
Batch_0470,2025-05-17,1,6012.63,1074.6,6.8,21.1,2674.4,2.2,325.0,1.8,5736.22,99.58,Стандарт
Batch_0471,2025-02-06,1,4767.06,1088.8,4.8,19.8,3596.9,2.6,321.0,2.3,4504.18,98.6,Низкий
Batch_0472,2025-03-26,1,6892.82,1065.9,4.8,28.1,3288.4,4.6,484.0,1.2,6629.27,99.54,стандарт
Batch_0473,2025-11-01,1,7033.58,1088.2,6.3,26.6,2172.3,2.5,304.0,1.8,6766.27,99.37,Стандарт 
Batch_0474,2025-10-19,1,8181.46,1085.0,6.9,19.2,2606.1,3.1,313.0,2.1,7883.94,98.66,низкий
Batch_0475,2025-08-13,1,8218.4,1103.4,6.4,24.8,3524.4,2.6,474.0,1.9,8043.05,99.13,Стандарт
Batch_0476,2025-08-28,1,5947.17,1097.0,6.6,22.2,2166.5,2.9,389.0,2.0,5775.39,99.04,Стандарт 
Batch_0477,2025-06-05,1,5880.95,1079.1,5.3,27.7,2723.5,4.0,356.0,2.9,5698.3,99.31,Стандарт 
Batch_0478,2025-07-26,1,4146.5,1130.2,4.8,19.0,2386.7,3.2,311.0,1.1,4016.66,97.77,низкий
Batch_0479,2025-09-14,1,4841.18,1094.4,5.1,21.4,2494.9,4.0,384.0,1.1,4603.7,99.87,Стандарт 
Batch_0480,2025-09-10,1,7548.69,1903.6,3.6,24.8,3841.5,3.6,489.0,2.3,7115.36,98.68,низкий
Batch_0481,2025-02-11,1,6277.33,1069.5,5.3,28.0,3328.0,4.8,342.0,1.1,6086.83,99.66,Стандарт 
Batch_0482,2025-01-21,1,8449.18,1078.4,5.4,18.3,2493.3,3.9,449.0,1.6,8133.16,97.71,низкий
Batch_0483,2025-06-15,1,7467.0,1084.8,4.7,23.3,3713.9,4.6,475.0,1.1,7284.39,98.96,низкий
Batch_0484,2025-01-14,1,6560.44,1058.0,3.7,22.2,3713.1,2.6,377.0,2.8,6366.76,99.21,Стандарт
Batch_0485,2025-04-28,1,6326.39,1078.4,4.0,29.4,3533.7,3.8,488.0,2.8,6077.18,99.58,Стандарт 
Batch_0486,2025-10-22,1,6763.52,1060.6,3.9,24.4,2537.7,,306.0,2.2,6503.58,99.86,Стандарт 
Batch_0487,2025-01-11,1,4318.01,1057.7,6.7,20.3,3230.9,2.1,353.0,2.4,4222.8,98.88,низкий
Batch_0488,2025-10-23,1,4276.8,1074.4,3.7,29.2,3532.7,4.5,494.0,2.4,4178.38,99.22,Стандарт
Batch_0489,2025-03-31,1,6640.89,1077.8,5.7,18.1,2389.7,4.9,385.0,2.4,6402.83,98.01,низкий
Batch_0490,2025-09-23,1,8830.11,1123.1,4.8,18.3,2443.6,2.6,,,8467.88,97.06,низкий
Batch_0491,2025-05-23,1,8575.69,1079.9,6.2,28.1,3598.2,2.7,445.0,3.0,8114.56,98.82,Низкий
Batch_0492,2025-10-27,1,7962.7,1087.1,3.7,30.0,2049.6,3.1,411.0,2.8,7779.94,98.51,низкий
Batch_0493,2025-11-22,0,5251.79,1083.5,5.6,,,,,,0.0,,брак
Batch_0494,2025-02-16,1,8836.64,1099.8,5.2,19.0,3118.3,2.4,367.0,2.0,8513.45,97.25,низкий
Batch_0495,2025-06-28,1,5831.43,1073.5,4.1,24.9,2309.7,4.1,377.0,1.8,5612.66,98.51,низкий
Batch_0496,2025-06-20,0,8406.29,,,29.0,2541.4,,,,0.0,,брак
Batch_0497,2025-12-10,1,6844.61,1068.1,6.8,26.9,2173.2,3.2,310.0,1.4,6650.36,99.14,Стандарт
Batch_0498,2025-03-24,1,5920.1,1072.3,3.9,21.0,3841.5,3.6,373.0,2.6,5688.81,98.66,низкий
Batch_0499,2025-07-30,1,6684.3,1098.9,4.6,28.4,3528.2,2.1,446.0,1.4,6382.51,99.2,Стандарт 
Batch_0500,2025-09-11,1,4566.16,1129.0,6.4,20.1,3615.7,3.7,382.0,1.3,4413.79,98.49,низкий
Batch_0501,2025-12-06,1,8534.33,1068.9,3.8,23.4,3512.7,3.5,354.0,1.8,8329.03,99.75,стандарт
Batch_0502,2025-10-09,1,8294.9,1079.0,4.1,20.9,2835.9,3.0,359.0,2.1,7943.81,98.99,Низкий
Batch_0503,2025-08-21,1,8467.55,1097.2,4.7,26.9,2304.0,3.0,349.0,1.1,8004.11,99.7,Стандарт
Batch_0504,2025-06-11,1,5266.01,1116.7,4.3,28.4,2618.7,2.0,370.0,2.1,4965.37,99.61,стандарт
Batch_0505,2025-06-15,1,7385.19,1090.6,5.5,26.9,3323.7,4.4,414.0,2.5,7054.03,98.92,Низкий
Batch_0506,2025-07-26,1,8089.82,1115.2,6.7,19.2,2464.2,4.5,383.0,1.2,7746.09,98.03,Низкий
Batch_0507,2025-12-03,1,4377.64,1093.4,5.0,25.2,2179.3,2.3,461.0,1.9,4154.14,99.81,Стандарт 
Batch_0508,2025-08-25,1,4804.92,1101.3,5.2,29.9,3358.3,5.0,357.0,2.1,4575.11,98.62,низкий
Batch_0509,2025-01-28,0,6247.92,1088.2,5.5,21.4,2560.9,,,,0.0,,Брак
Batch_0510,2025-09-23,1,4820.32,1079.8,3.9,28.4,3272.2,3.3,447.0,1.9,4721.85,98.58,низкий
Batch_0511,2025-11-15,1,6409.5,1096.6,4.6,26.8,3749.5,4.4,410.0,2.7,6102.74,99.06,стандарт
Batch_0512,2025-11-17,1,6336.94,1084.3,3.8,24.3,2114.2,2.7,387.0,2.6,6144.16,99.1,стандарт
Batch_0513,2025-01-27,1,5582.34,1086.7,3.7,18.2,3591.1,2.4,487.0,2.7,5405.89,98.15,Низкий
Batch_0514,2025-05-17,1,8828.85,1077.1,4.2,26.1,2810.0,2.3,484.0,2.8,8354.4,99.01,Стандарт 
Batch_0515,2025-03-09,1,4796.97,1093.1,6.7,20.0,2242.3,4.7,383.0,1.9,4624.09,98.6,низкий
Batch_0516,2025-08-13,1,8657.45,1101.4,4.5,28.9,3267.8,4.7,316.0,2.1,8243.06,99.05,Стандарт 
Batch_0517,2025-09-06,1,6890.36,1062.9,5.3,19.0,3240.0,4.6,339.0,1.4,6688.82,97.6,Низкий
Batch_0518,2025-01-15,1,5608.43,1076.4,4.0,24.1,2921.2,4.8,398.0,2.8,5452.9,98.51,Низкий
Batch_0519,2025-12-30,1,6108.87,1067.3,4.2,18.5,3286.7,2.2,460.0,2.7,5860.38,97.6,Низкий
Batch_0520,2025-06-09,1,5076.8,1078.8,6.7,25.4,2823.9,2.1,413.0,2.2,4780.23,99.06,Стандарт 
Batch_0521,2025-01-08,1,7490.35,1068.1,4.6,19.1,2854.2,4.8,363.0,2.5,7190.12,97.62,низкий
Batch_0522,2025-02-17,1,7365.04,1107.7,4.0,20.7,3765.0,,395.0,1.9,6925.23,99.65,Стандарт
Batch_0523,2025-02-28,1,6703.83,1090.7,6.0,29.5,3062.7,4.9,360.0,1.3,6527.53,99.01,стандарт
Batch_0524,2025-03-02,1,6354.08,1075.6,4.9,24.6,2872.1,4.5,308.0,1.4,6109.22,99.81,Стандарт 
Batch_0525,2025-03-20,1,8212.67,1087.2,5.0,23.6,2314.7,,348.0,1.5,7747.3,99.8,стандарт
Batch_0526,2025-05-30,1,7335.18,1102.9,3.6,20.2,3662.5,3.1,407.0,1.0,6965.85,98.79,низкий
Batch_0527,2025-08-01,1,8029.53,1062.2,4.2,24.1,3731.3,2.2,450.0,2.1,7810.1,99.84,стандарт
Batch_0528,2025-08-30,1,7019.02,1069.2,5.8,21.4,3171.6,3.3,353.0,1.9,6748.84,99.43,Стандарт
Batch_0529,2025-08-22,1,5974.04,1079.7,4.0,29.2,2766.1,2.1,397.0,2.8,5741.59,99.8,Стандарт 
Batch_0530,2025-03-16,1,6452.25,1075.6,6.6,28.9,3886.6,4.0,326.0,2.2,6073.97,99.2,стандарт
Batch_0531,2025-04-08,1,4914.61,1096.2,5.0,25.5,2148.9,2.5,427.0,2.1,4764.87,98.97,Низкий
Batch_0532,2025-02-05,1,6163.84,1102.8,4.6,19.0,2181.9,4.1,371.0,2.2,6000.02,97.82,низкий
Batch_0533,2025-08-01,1,4045.83,1108.1,6.9,25.4,2523.3,2.1,476.0,1.8,3919.65,99.79,стандарт
Batch_0534,2025-09-17,1,4956.39,1087.8,5.5,28.9,2245.0,4.6,396.0,1.1,4714.15,98.95,низкий
Batch_0535,2025-01-02,1,5413.34,1078.8,5.8,19.9,2972.9,4.6,434.0,1.3,5293.33,97.41,низкий
Batch_0536,2025-06-02,1,8667.97,1073.3,5.1,25.4,3539.9,4.9,354.0,2.6,8327.6,99.15,Стандарт 
Batch_0537,2025-10-24,1,6904.84,1095.6,4.9,25.6,3398.6,2.2,392.0,1.5,6557.32,99.18,Стандарт 
Batch_0538,2025-09-08,1,5891.74,1084.2,7.0,27.2,2421.1,2.7,456.0,2.5,5591.99,99.79,Стандарт
Batch_0539,2025-08-17,1,5899.62,1071.2,5.6,24.7,2972.8,2.5,408.0,1.3,5726.44,99.81,Стандарт 
Batch_0540,2025-09-05,1,5845.09,1069.9,6.8,20.2,2505.5,3.1,391.0,1.3,5556.86,99.21,стандарт
Batch_0541,2025-06-20,1,7058.28,1085.7,6.0,29.3,3824.5,2.7,360.0,2.8,6909.22,99.7,Стандарт 
Batch_0542,2025-10-06,1,8737.14,1084.6,3.7,24.5,2677.1,3.8,432.0,1.9,8499.29,99.77,стандарт
Batch_0543,2025-08-22,1,6659.66,1081.7,3.7,26.0,3725.5,4.4,483.0,1.5,6500.88,98.95,низкий
Batch_0544,2025-04-07,1,4252.54,1078.5,4.4,20.3,3339.9,,316.0,1.4,4063.09,99.18,Стандарт 
Batch_0545,2025-05-03,1,5603.56,1110.8,5.7,18.3,2860.4,2.9,,,5437.33,98.28,низкий
Batch_0546,2025-04-30,0,4702.5,1085.3,5.4,,,,,,0.0,,брак
Batch_0547,2025-01-23,1,8212.32,1063.0,3.8,19.3,2985.6,4.9,397.0,1.7,7929.61,97.75,низкий
Batch_0548,2025-08-31,1,8438.76,1099.5,3.6,29.6,3053.2,3.1,,,8266.39,98.56,низкий
Batch_0549,2025-07-17,1,6213.68,1074.9,4.4,24.4,2964.7,2.2,343.0,2.5,5887.87,99.3,Стандарт 
Batch_0550,2025-11-30,1,8308.12,1052.2,4.3,18.6,2537.0,3.6,379.0,2.4,7972.25,98.45,Низкий
Batch_0551,2025-09-11,1,6353.92,1089.1,6.8,22.0,2084.4,3.6,452.0,3.0,6213.06,98.78,Низкий
Batch_0552,2025-03-06,1,7522.47,1102.7,5.2,22.5,2986.5,2.6,435.0,2.3,7101.06,99.35,Стандарт 
Batch_0553,2025-10-30,1,4393.49,1087.1,4.9,25.1,2178.4,2.5,412.0,2.4,4187.07,98.63,низкий
Batch_0554,2025-02-21,1,5431.3,1083.4,6.3,24.4,2556.4,2.5,437.0,1.5,5119.67,99.47,стандарт
Batch_0555,2025-02-21,1,6022.6,1085.5,4.3,26.0,3941.3,3.8,389.0,1.5,5860.02,99.18,Стандарт 
Batch_0556,2025-08-22,1,5523.8,1088.6,4.2,26.3,2780.8,3.4,320.0,1.6,5339.03,99.43,Стандарт
Batch_0557,2025-03-15,1,6300.51,1077.9,4.2,18.3,3793.5,2.7,325.0,2.3,5941.42,97.54,низкий
Batch_0558,2025-12-02,1,7539.74,1096.8,3.9,24.4,2874.3,3.8,500.0,2.2,7209.41,98.82,Низкий
Batch_0559,2025-02-08,1,6397.27,1066.0,6.7,22.4,2746.9,4.5,423.0,1.7,6222.73,98.55,низкий
Batch_0560,2025-05-16,1,6563.75,1116.4,3.5,28.5,2893.5,2.4,399.0,1.8,6348.11,99.09,стандарт
Batch_0561,2025-11-16,1,6996.39,1084.5,3.9,22.8,2673.7,4.6,,,6596.92,99.69,Стандарт 
Batch_0562,2025-07-23,1,7343.77,1087.4,6.8,23.0,2653.9,4.8,499.0,1.0,6936.3,99.35,Стандарт 
Batch_0563,2025-02-11,1,5426.22,1069.1,6.3,18.7,2738.8,3.7,371.0,2.2,5227.7,98.13,низкий
Batch_0564,2025-12-12,1,4423.24,1085.0,6.4,26.4,3578.1,3.2,338.0,1.1,4262.4,99.88,Стандарт 
Batch_0565,2025-07-14,1,4233.42,1061.8,4.4,28.0,3407.9,3.2,393.0,2.3,4055.55,98.76,низкий
Batch_0566,2025-11-17,1,6642.92,1097.8,3.9,26.6,3000.6,4.8,,,6462.4,98.55,низкий
Batch_0567,2025-10-05,1,6711.5,1103.4,6.1,18.1,2337.2,4.1,441.0,2.3,6414.67,97.88,Низкий
Batch_0568,2025-11-13,1,7375.65,1087.5,3.8,20.3,3680.0,4.7,498.0,1.4,6936.59,99.9,Высший
Batch_0569,2025-05-01,1,7340.1,1111.2,5.5,28.8,2640.4,2.6,367.0,1.4,6991.65,98.75,низкий
Batch_0570,2025-04-27,1,5985.93,1056.4,6.1,29.7,2876.1,3.7,438.0,2.0,5782.55,99.75,Стандарт 
Batch_0571,2025-02-16,1,8505.89,1076.8,5.2,25.2,2651.2,4.0,,,8106.67,99.37,стандарт
Batch_0572,2025-02-20,0,4119.42,,,,,,,,0.0,,Брак 
Batch_0573,2025-12-27,1,5313.47,1087.3,4.2,21.8,3183.6,2.4,,,5167.31,99.55,Стандарт
Batch_0574,2025-08-16,1,7581.63,1114.4,5.2,25.7,2076.7,4.3,372.0,1.6,7321.67,99.47,Стандарт
Batch_0575,2025-12-22,1,5711.67,1099.9,5.3,24.2,3155.8,4.9,,,5381.18,99.81,стандарт
Batch_0576,2025-01-15,1,7074.52,1087.4,3.8,27.2,3494.4,2.9,314.0,2.8,6722.68,99.33,Стандарт
Batch_0577,2025-06-16,1,7390.61,1068.9,4.5,30.0,3501.6,3.1,,,6956.35,99.28,Стандарт
Batch_0578,2025-05-31,1,6686.9,1104.5,3.6,22.4,2474.1,2.2,345.0,2.8,6399.6,99.88,стандарт
Batch_0579,2025-07-11,1,8654.16,1949.6,6.7,19.7,2192.3,4.8,405.0,1.3,8135.18,98.3,низкий
Batch_0580,2025-03-16,1,5043.26,1087.7,4.1,26.8,2602.5,3.8,448.0,1.6,4874.28,98.72,Низкий
Batch_0581,2025-09-29,1,4640.94,1074.0,4.4,27.0,2524.1,4.7,423.0,1.2,4435.17,99.5,стандарт
Batch_0582,2025-10-17,1,7123.5,1072.7,6.0,24.0,3417.5,3.0,305.0,1.7,6924.98,99.76,Стандарт 
Batch_0583,2025-04-03,1,6277.51,1081.2,6.6,18.2,3889.5,3.0,305.0,2.2,6038.7,97.88,Низкий
Batch_0584,2025-03-31,1,7635.66,1987.4,4.1,20.8,2526.9,,497.0,1.6,7212.74,97.85,Низкий
Batch_0585,2025-11-09,1,5284.76,1082.6,4.3,24.2,2507.0,4.7,371.0,1.8,5054.74,99.52,стандарт
Batch_0586,2025-11-14,1,8283.65,1071.2,4.7,24.7,2190.1,3.2,475.0,1.3,7937.61,99.35,Стандарт 
Batch_0587,2025-05-04,1,5915.35,1059.1,3.7,23.6,3641.5,4.5,324.0,1.0,5632.17,99.48,стандарт
Batch_0588,2025-10-26,1,5478.76,1114.3,5.0,22.9,2462.7,2.6,,,5193.45,98.51,Низкий
Batch_0589,2025-04-29,1,5581.88,1076.7,4.8,18.1,3678.4,,478.0,2.1,5368.34,98.53,низкий
Batch_0590,2025-11-23,1,4223.84,1068.5,5.1,24.6,3775.6,4.5,379.0,1.6,4038.02,98.71,низкий
Batch_0591,2025-08-24,1,8008.21,1103.0,6.0,23.9,2515.4,3.7,354.0,2.6,7541.86,99.89,стандарт
Batch_0592,2025-12-08,1,7980.34,1084.5,5.2,28.6,2825.8,2.1,,,7579.66,99.45,Стандарт
Batch_0593,2025-08-27,1,4568.81,1105.0,4.1,19.0,3880.8,4.6,455.0,1.3,4444.87,98.48,низкий
Batch_0594,2025-12-13,1,5312.54,1098.9,5.3,25.0,2718.7,3.1,480.0,1.3,5074.84,98.7,Низкий
Batch_0595,2025-02-07,1,7644.35,1087.3,3.7,28.7,3059.6,4.5,308.0,2.8,7281.99,98.68,низкий
Batch_0596,2025-06-26,1,6991.53,1075.4,4.5,18.4,2840.7,4.9,332.0,2.8,6716.41,97.29,низкий
Batch_0597,2025-11-24,1,7658.53,1076.1,5.9,20.6,2877.3,4.4,458.0,2.7,7399.6,98.82,низкий
Batch_0598,2025-12-20,1,5574.21,1075.8,4.5,20.5,2910.7,2.3,437.0,1.2,5445.46,99.3,стандарт
Batch_0599,2025-08-22,1,7782.69,1084.0,6.4,23.4,3273.4,4.0,395.0,2.2,7457.79,99.75,стандарт
Batch_0600,2025-04-12,1,8209.04,1085.4,4.9,20.8,2812.2,2.7,461.0,1.7,7927.37,98.84,низкий
Batch_0601,2025-09-05,1,7971.92,1095.4,4.7,29.7,3959.5,2.1,390.0,1.2,7719.22,98.54,Низкий
Batch_0602,2025-05-02,1,4693.26,1078.3,4.1,29.5,3386.3,3.2,347.0,2.0,4515.26,99.38,стандарт
Batch_0603,2025-10-20,1,8743.27,1053.8,5.1,24.8,2871.2,4.2,467.0,1.5,8431.84,99.32,стандарт
Batch_0604,2025-10-22,1,6430.29,1081.5,4.0,20.6,2211.0,4.0,446.0,1.1,6271.91,99.71,стандарт
Batch_0605,2025-12-25,1,6929.32,1098.6,3.8,20.3,2881.5,4.4,378.0,1.1,6735.62,99.35,стандарт
Batch_0606,2025-01-12,1,6474.14,1086.1,6.2,24.0,2610.4,4.0,356.0,2.5,6148.41,98.74,низкий
Batch_0607,2025-05-21,1,5449.94,1090.0,4.5,18.0,2253.9,4.6,456.0,2.2,5334.6,97.84,Низкий
Batch_0608,2025-10-17,0,5981.24,1072.8,5.4,,,,,,0.0,,Брак 
Batch_0609,2025-01-26,1,7517.64,1092.4,3.6,21.6,3842.1,2.8,465.0,1.2,7350.15,99.61,Стандарт 
Batch_0610,2025-09-12,1,7560.04,1082.9,4.9,27.4,3925.6,3.3,375.0,1.7,7122.24,99.46,стандарт
Batch_0611,2025-04-28,1,4973.97,1084.0,4.5,25.7,2576.3,4.2,,,4694.39,98.51,низкий
Batch_0612,2025-04-23,1,4344.95,1106.2,4.5,19.8,2482.0,3.6,475.0,1.8,4142.48,97.91,Низкий
Batch_0613,2025-11-14,1,7386.52,1074.5,4.2,22.9,3873.9,4.0,325.0,1.1,7033.57,98.72,низкий
Batch_0614,2025-12-14,1,7803.8,1911.6,4.8,24.1,3125.7,2.9,474.0,1.4,7366.04,99.21,Стандарт 
Batch_0615,2025-12-04,1,5797.72,1086.9,5.6,24.3,2406.0,4.4,319.0,2.1,5612.83,99.61,Стандарт 
Batch_0616,2025-03-12,1,4763.29,1058.8,5.8,20.6,3181.7,4.4,496.0,1.0,4596.14,99.08,Стандарт 
Batch_0617,2025-02-19,1,5259.07,1071.2,5.6,27.5,2171.2,4.3,,,5115.37,98.52,Низкий
Batch_0618,2025-06-08,1,5825.47,1069.4,3.9,18.8,3177.9,4.2,384.0,1.8,5482.1,97.49,низкий
Batch_0619,2025-01-18,1,5646.89,1104.4,6.5,23.3,2035.9,3.5,439.0,1.1,5350.85,99.58,Стандарт 
Batch_0620,2025-07-06,1,7088.47,1074.7,6.0,20.6,2080.7,2.5,384.0,2.0,6798.34,98.88,Низкий
Batch_0621,2025-02-16,0,7025.51,,,,,,,,0.0,,брак
Batch_0622,2025-06-17,1,7733.72,1097.3,5.2,19.6,3392.4,3.3,,,7525.0,97.27,низкий
Batch_0623,2025-03-31,1,6322.91,1103.3,5.0,27.4,2924.9,3.5,457.0,2.6,6083.77,98.75,Низкий
Batch_0624,2025-03-09,1,8840.36,1092.2,6.3,18.4,2935.7,4.5,,,8611.37,98.57,низкий
Batch_0625,2025-09-29,1,5409.65,1080.7,4.3,23.4,3034.2,3.3,424.0,1.2,5118.9,99.11,Стандарт 
Batch_0626,2025-05-20,1,7717.72,1088.7,4.9,20.0,2453.7,3.3,334.0,2.3,7517.84,98.86,Низкий
Batch_0627,2025-05-12,1,8877.64,1072.9,5.6,19.1,3918.5,4.4,418.0,1.9,8649.79,98.84,низкий
Batch_0628,2025-06-01,1,6916.66,1087.8,5.1,20.5,2007.4,3.5,390.0,3.0,6598.57,99.13,Стандарт 
Batch_0629,2025-06-23,1,4239.79,1107.7,4.0,24.9,2507.3,2.0,362.0,1.2,4152.6,98.93,Низкий
Batch_0630,2025-08-28,1,4995.41,1091.2,3.7,28.3,3923.0,3.4,,,4823.71,99.08,Стандарт
Batch_0631,2025-03-14,1,5034.19,1066.4,5.9,24.8,3717.3,4.4,323.0,2.4,4821.05,99.82,Стандарт
Batch_0632,2025-12-13,1,7214.17,1080.1,6.8,22.0,3924.4,2.8,499.0,1.5,6907.36,99.23,Стандарт 
Batch_0633,2025-12-12,1,4076.32,1078.3,4.1,28.5,3409.8,4.0,491.0,1.0,3872.17,99.8,стандарт
Batch_0634,2025-10-13,1,7602.93,1059.1,3.8,24.2,2463.2,4.4,394.0,2.9,7203.27,99.87,стандарт
Batch_0635,2025-02-16,1,6778.09,1074.1,4.6,21.4,3944.5,4.2,,,6533.04,99.78,стандарт
Batch_0636,2025-01-08,1,4927.63,1058.3,6.0,26.3,2638.6,4.9,391.0,2.7,4721.13,99.09,стандарт
Batch_0637,2025-10-02,1,6132.03,1084.3,6.2,26.2,3270.3,2.1,457.0,2.1,5843.55,98.69,Низкий
Batch_0638,2025-08-21,1,6353.81,1079.1,5.6,26.1,3608.5,3.2,461.0,1.7,6071.22,98.63,низкий
Batch_0639,2025-12-11,1,4455.18,1059.2,5.9,18.8,3187.4,4.5,479.0,2.3,4345.02,98.14,низкий
Batch_0640,2025-10-27,1,8499.55,1061.3,4.5,22.7,2775.5,2.8,314.0,2.4,8048.33,98.98,низкий
Batch_0641,2025-11-23,0,5349.87,1081.0,5.1,,,,,,0.0,,брак
Batch_0642,2025-02-25,1,7814.0,1090.5,5.8,28.2,2019.1,4.7,409.0,2.1,7453.86,99.23,Стандарт 
Batch_0643,2025-04-30,1,6091.82,1084.5,5.1,22.9,3374.9,3.9,384.0,2.8,5968.32,98.65,низкий
Batch_0644,2025-01-13,1,8751.9,1085.5,3.8,18.2,2322.2,2.5,470.0,1.0,8438.4,97.53,низкий
Batch_0645,2025-11-09,1,7433.78,1060.7,6.3,27.6,2914.0,3.8,385.0,1.6,7066.56,99.25,Стандарт
Batch_0646,2025-11-28,1,6200.6,1074.5,6.0,20.6,2393.9,2.7,374.0,1.9,5961.79,98.78,Низкий
Batch_0647,2025-11-22,1,8402.11,1078.0,5.2,24.7,3117.7,2.5,462.0,2.9,7943.67,99.2,стандарт
Batch_0648,2025-12-25,1,4300.37,1083.7,4.0,26.5,3067.5,2.0,335.0,2.2,4100.3,99.32,стандарт
Batch_0649,2025-11-29,1,4434.7,1080.5,5.8,21.2,2024.1,3.8,418.0,1.9,4270.33,99.8,стандарт
Batch_0650,2025-03-01,1,5614.89,1065.5,4.4,24.1,3488.1,2.2,461.0,1.6,5427.16,99.1,Стандарт
Batch_0651,2025-01-24,1,8226.13,1095.5,5.2,21.8,3507.3,3.2,445.0,1.8,7803.22,99.0,Стандарт
Batch_0652,2025-06-05,1,4880.45,1090.3,4.4,23.5,2771.7,3.2,,,4605.16,99.33,стандарт
Batch_0653,2025-03-01,1,6093.79,1085.4,5.3,19.8,2207.7,2.3,339.0,1.5,5770.47,98.49,Низкий
Batch_0654,2025-05-01,1,5637.83,1074.9,5.2,18.2,3342.7,4.7,461.0,2.6,5328.24,98.39,Низкий
Batch_0655,2025-07-18,1,5316.23,1093.9,3.9,29.7,2461.3,3.0,472.0,1.6,5137.36,99.29,стандарт
Batch_0656,2025-07-09,1,6479.1,1083.2,3.8,26.0,3791.6,2.4,387.0,1.8,6125.85,99.21,Стандарт 
Batch_0657,2025-12-23,1,6383.1,1083.0,7.0,26.2,3682.7,4.3,,,6031.5,98.78,низкий
Batch_0658,2025-10-28,1,8228.72,1059.6,5.8,26.5,3172.4,3.7,317.0,3.0,7776.86,98.6,Низкий
Batch_0659,2025-08-01,1,5509.17,1069.7,4.4,22.1,2821.4,3.5,308.0,2.0,5307.36,99.79,Стандарт 
Batch_0660,2025-02-20,0,6867.5,1060.9,4.3,18.2,3464.9,,,,0.0,,брак
Batch_0661,2025-11-12,1,7285.99,1077.8,5.9,23.8,2248.7,2.2,424.0,2.0,7086.97,99.71,стандарт
Batch_0662,2025-05-24,1,4063.78,1084.5,5.0,24.8,3298.2,4.8,434.0,1.0,3970.26,98.66,Низкий
Batch_0663,2025-12-20,0,5665.04,,,,,,,,0.0,,брак
Batch_0664,2025-04-22,1,6214.57,1099.9,5.9,26.7,3396.2,2.3,466.0,3.0,5964.46,98.51,низкий
Batch_0665,2025-08-16,1,5610.4,1076.3,3.8,29.3,2730.2,4.3,421.0,2.3,5416.95,99.38,Стандарт
Batch_0666,2025-07-05,1,8932.07,1091.6,4.3,19.0,2965.8,4.5,414.0,2.1,8409.79,98.03,Низкий
Batch_0667,2025-12-18,1,6971.66,1089.9,4.1,19.5,3960.1,2.7,434.0,2.2,6732.83,97.23,низкий
Batch_0668,2025-10-06,1,5566.85,1100.1,6.8,21.6,3727.9,4.8,415.0,1.5,5416.34,98.51,низкий
Batch_0669,2025-02-01,1,5696.02,1080.4,5.8,28.2,3218.4,2.8,390.0,1.0,5481.12,99.43,стандарт
Batch_0670,2025-05-22,1,7681.4,1061.7,3.8,23.2,3108.6,4.2,367.0,2.5,7419.83,99.39,Стандарт
Batch_0671,2025-03-04,1,4056.95,1095.0,4.8,29.3,3636.0,2.8,368.0,2.0,3861.58,99.22,стандарт
Batch_0672,2025-02-16,1,8888.56,1111.5,5.0,25.6,2681.2,3.7,416.0,1.6,8485.72,98.62,Низкий
Batch_0673,2025-11-25,0,5267.29,,,,,,,,0.0,,Брак 
Batch_0674,2025-11-02,1,4194.37,1088.0,4.5,28.5,2970.0,3.6,413.0,1.2,4109.98,99.1,Стандарт
Batch_0675,2025-01-26,1,7551.05,1082.4,6.0,19.3,3692.2,2.6,363.0,3.0,7175.56,98.61,низкий
Batch_0676,2025-05-05,1,6856.6,1103.7,5.3,27.8,3094.3,,415.0,2.9,6680.83,98.82,Низкий
Batch_0677,2025-10-17,1,5005.86,1091.2,4.9,24.1,2928.7,3.5,,,4731.9,99.74,Стандарт
Batch_0678,2025-02-05,1,6114.34,1092.9,4.8,26.9,3568.4,4.2,368.0,1.9,5828.38,99.56,Стандарт 
Batch_0679,2025-04-17,1,4691.16,1067.2,3.7,23.9,3404.3,4.6,317.0,2.9,4480.66,99.31,Стандарт 
Batch_0680,2025-04-21,1,5621.57,1114.8,4.0,21.5,2289.4,2.7,489.0,2.1,5405.71,99.15,Стандарт
Batch_0681,2025-06-18,1,6378.28,1116.3,6.6,22.7,3923.5,3.8,490.0,1.5,6185.94,99.23,Стандарт
Batch_0682,2025-11-02,1,7883.03,1078.6,5.8,21.9,2962.5,3.2,492.0,2.0,7641.47,99.08,Стандарт
Batch_0683,2025-05-22,1,6035.82,1115.4,5.2,19.6,2992.2,2.4,421.0,2.3,5770.68,98.63,Низкий
Batch_0684,2025-03-08,1,5842.81,1115.9,6.4,28.2,2344.4,2.9,471.0,1.1,5510.03,98.88,низкий
Batch_0685,2025-03-31,1,5159.3,1083.2,5.0,22.9,2227.9,4.1,446.0,1.0,5046.6,99.64,Стандарт
Batch_0686,2025-12-05,1,4078.22,1085.2,6.3,28.0,2186.6,4.9,414.0,2.9,3905.78,99.34,Стандарт
Batch_0687,2025-03-09,1,8664.23,1114.8,6.3,25.0,3817.8,2.2,305.0,1.7,8330.44,99.78,Стандарт
Batch_0688,2025-07-03,1,4637.5,1085.2,5.6,24.4,2532.8,4.8,478.0,1.8,4495.93,99.17,Стандарт
Batch_0689,2025-10-29,1,8639.67,1073.4,3.6,19.2,2992.4,3.0,440.0,2.4,8291.5,98.79,низкий
Batch_0690,2025-01-09,1,4996.9,1105.5,3.6,25.6,2497.1,4.3,348.0,1.3,4851.96,98.68,Низкий
Batch_0691,2025-05-16,1,6534.65,1102.2,3.7,21.6,2560.3,2.9,404.0,2.3,6242.19,99.51,Стандарт
Batch_0692,2025-03-06,1,5451.42,1092.4,3.6,19.0,2835.9,4.2,,,5308.88,98.41,низкий
Batch_0693,2025-09-27,1,6020.55,1129.1,5.4,24.8,3897.4,4.6,489.0,1.2,5723.16,98.3,Низкий
Batch_0694,2025-02-02,1,7740.17,1095.9,4.4,26.8,2329.5,2.8,442.0,1.7,7447.67,98.64,низкий
Batch_0695,2025-08-18,1,5849.44,1071.9,6.6,25.4,2857.5,4.8,342.0,1.7,5687.92,99.47,стандарт
Batch_0696,2025-09-20,1,6206.01,1095.2,4.9,20.5,3265.4,2.9,435.0,2.1,6043.02,99.57,Стандарт 
Batch_0697,2025-02-25,0,8992.11,1090.6,6.5,,,,,,0.0,,брак
Batch_0698,2025-09-15,1,8382.1,1098.5,3.8,27.5,3671.0,4.6,404.0,2.7,8019.74,98.77,Низкий
Batch_0699,2025-11-11,1,6525.82,1093.5,5.5,27.4,2383.5,4.6,,,6198.66,99.47,Стандарт
Batch_0700,2025-12-04,1,8381.57,1093.9,3.5,21.6,3156.2,3.6,482.0,1.5,8033.61,99.27,Стандарт 
Batch_0701,2025-06-04,1,8993.09,1073.4,3.5,18.1,2921.1,2.1,359.0,2.1,8561.75,97.83,низкий
Batch_0702,2025-11-26,1,6674.0,1106.5,5.3,19.9,3341.9,2.3,314.0,2.2,6344.15,98.22,Низкий
Batch_0703,2025-02-01,1,6745.42,1093.5,6.2,21.4,3688.4,4.5,338.0,2.4,6419.12,98.92,низкий
Batch_0704,2025-07-25,1,7627.84,1083.1,3.5,26.6,2342.4,2.7,395.0,1.1,7466.3,99.5,стандарт
Batch_0705,2025-12-18,1,5593.49,1069.9,4.2,28.3,2512.5,4.6,368.0,2.4,5262.28,99.53,Стандарт
Batch_0706,2025-09-09,1,8065.91,1090.4,6.7,28.9,3024.3,3.4,477.0,1.4,7878.2,99.64,Стандарт 
Batch_0707,2025-08-16,1,8401.26,1097.4,6.3,28.8,3247.5,,320.0,1.7,8065.66,98.56,Низкий
Batch_0708,2025-02-11,1,4895.9,1062.3,5.1,23.9,2855.4,2.6,447.0,2.1,4784.08,99.03,стандарт
Batch_0709,2025-11-08,1,4442.61,1073.0,5.4,24.4,2151.7,3.9,394.0,2.4,4270.14,99.05,Стандарт
Batch_0710,2025-02-03,1,7051.97,1077.5,5.9,18.9,2921.4,2.3,490.0,1.2,6892.15,97.66,Низкий
Batch_0711,2025-05-21,1,6204.28,1066.2,4.7,22.2,2938.1,2.3,307.0,1.9,6068.89,98.66,низкий
Batch_0712,2025-07-15,1,7666.81,1090.6,5.8,27.9,2213.8,4.1,467.0,1.1,7418.62,99.25,Стандарт 
Batch_0713,2025-09-29,1,5701.37,1084.9,6.4,22.8,2204.8,2.2,367.0,2.4,5528.69,98.57,низкий
Batch_0714,2025-08-21,1,5371.31,1099.9,4.0,19.6,3887.6,2.5,371.0,2.6,5158.65,97.44,низкий
Batch_0715,2025-02-20,1,5314.62,1052.7,4.3,22.8,2038.3,2.5,,,5134.71,99.58,Стандарт 
Batch_0716,2025-02-28,1,6467.55,1084.5,6.1,26.4,2492.5,2.3,472.0,2.4,6322.35,99.51,Стандарт 
Batch_0717,2025-11-30,1,6210.78,1106.7,4.9,22.0,3190.7,2.1,332.0,2.4,5864.4,99.43,Стандарт 
Batch_0718,2025-04-21,1,4994.58,1075.1,3.6,23.3,2043.3,3.5,326.0,1.8,4829.21,99.6,стандарт
Batch_0719,2025-08-20,1,6949.17,1073.0,4.4,20.7,3038.9,4.8,428.0,2.6,6687.95,98.86,Низкий
Batch_0720,2025-07-31,1,4196.27,1077.4,6.1,18.6,2438.6,4.3,440.0,1.8,3971.34,97.98,низкий
Batch_0721,2025-08-21,1,4343.75,1086.5,3.6,21.8,3639.7,3.4,360.0,1.8,4228.31,99.85,стандарт
Batch_0722,2025-08-01,1,5966.76,1054.0,5.0,24.6,2461.9,3.6,456.0,1.4,5779.56,99.62,Стандарт 
Batch_0723,2025-02-18,1,4863.05,1890.2,4.7,24.7,2376.1,2.8,396.0,2.0,4613.11,98.46,низкий
Batch_0724,2025-08-07,1,7850.45,1099.9,4.0,29.6,3642.1,2.6,328.0,2.5,7526.9,99.6,стандарт
Batch_0725,2025-12-07,1,7023.06,1098.5,3.6,21.7,3275.6,,,,6840.99,99.46,стандарт
Batch_0726,2025-07-11,1,7439.81,1082.1,3.9,23.9,3536.9,2.8,498.0,1.4,7164.69,99.8,Стандарт
Batch_0727,2025-12-18,1,8854.27,1093.2,6.6,20.6,3268.1,5.0,453.0,1.7,8385.22,99.09,стандарт
Batch_0728,2025-02-04,1,6324.25,1061.8,4.9,26.3,3875.8,4.3,,,5998.21,99.2,Стандарт
Batch_0729,2025-02-13,0,5264.27,1104.9,3.6,,,,,,0.0,,Брак
Batch_0730,2025-08-10,1,6865.75,1069.2,6.8,27.4,2400.0,4.0,458.0,2.5,6625.51,99.88,Стандарт
Batch_0731,2025-07-10,1,4565.53,1112.0,4.4,27.3,3914.2,3.8,373.0,1.7,4407.81,99.55,Стандарт
Batch_0732,2025-10-12,1,4992.05,1083.2,5.4,27.3,3322.5,4.7,499.0,1.2,4695.51,99.75,Стандарт
Batch_0733,2025-10-28,1,7648.5,1106.9,6.5,29.9,2588.1,2.3,470.0,1.7,7370.43,99.21,Стандарт 
Batch_0734,2025-10-15,1,8864.47,1101.1,5.2,18.9,3121.1,2.5,404.0,2.9,8618.4,98.97,низкий
Batch_0735,2025-12-10,1,4987.43,1088.3,4.1,21.4,3033.7,2.6,318.0,1.1,4762.45,99.51,Стандарт
Batch_0736,2025-07-30,1,6114.38,1093.7,3.7,26.1,3782.6,2.6,443.0,1.2,5946.08,99.51,стандарт
Batch_0737,2025-12-07,1,4501.21,1082.3,5.9,28.0,2083.2,,330.0,2.1,4396.3,99.05,стандарт
Batch_0738,2025-01-27,1,4001.2,1070.0,6.8,19.5,2424.1,,356.0,2.7,3857.95,98.33,низкий
Batch_0739,2025-11-04,0,6225.09,1117.9,6.4,27.9,2206.1,,,,0.0,,брак
Batch_0740,2025-06-30,1,4015.61,1084.0,5.9,28.5,3498.4,2.2,,,3880.9,98.91,Низкий
Batch_0741,2025-10-23,1,5654.44,1070.3,5.3,23.3,3024.9,3.2,333.0,1.7,5482.95,99.56,Стандарт 
Batch_0742,2025-04-19,1,5170.14,1075.9,5.4,23.9,3130.9,2.3,327.0,1.1,5061.79,99.84,Стандарт
Batch_0743,2025-12-03,0,6216.27,,,,,,,,0.0,,брак
Batch_0744,2025-04-25,1,8753.06,1125.7,4.7,25.2,2624.0,4.6,365.0,1.6,8239.58,99.03,Стандарт
Batch_0745,2025-06-29,1,6355.55,1064.9,4.8,22.0,2352.3,3.4,306.0,2.3,6168.18,99.56,Стандарт 
Batch_0746,2025-07-08,1,7645.17,1077.7,4.7,24.0,2028.2,,320.0,1.5,7240.6,98.54,Низкий
Batch_0747,2025-05-23,1,4041.12,1089.5,5.9,18.1,3969.7,4.7,369.0,2.8,3845.77,98.69,Низкий
Batch_0748,2025-08-08,1,4703.85,1096.5,5.5,27.2,3238.7,2.0,497.0,2.6,4508.21,99.77,Стандарт 
Batch_0749,2025-11-15,1,6624.67,1107.4,5.3,21.8,2516.3,,346.0,1.3,6400.45,99.45,Стандарт 
Batch_0750,2025-12-12,1,6517.88,1080.7,6.8,27.7,3271.2,4.9,341.0,1.9,6141.63,99.87,Стандарт 
Batch_0751,2025-10-13,1,6784.76,1077.3,5.6,26.6,2833.5,2.7,332.0,1.7,6607.55,99.66,Стандарт
Batch_0752,2025-11-08,1,6945.59,1085.0,4.3,20.0,3944.2,4.9,441.0,1.4,6601.42,99.22,Стандарт 
Batch_0753,2025-12-22,1,4838.11,1071.3,4.1,19.2,3225.2,4.3,,,4596.08,98.53,низкий
Batch_0754,2025-01-15,0,8105.63,,,25.2,3363.7,,,,0.0,,Брак
Batch_0755,2025-05-20,1,5161.68,1084.7,5.1,18.5,2028.9,3.9,411.0,1.1,4948.87,98.9,низкий
Batch_0756,2025-06-23,1,7899.09,1102.3,4.9,28.7,2480.5,2.2,383.0,1.5,7498.38,99.76,стандарт
Batch_0757,2025-01-04,1,6767.65,1085.9,5.2,22.7,3831.0,3.3,400.0,1.9,6502.06,98.7,Низкий
Batch_0758,2025-03-15,1,5212.09,1113.9,6.0,26.2,2941.0,3.1,399.0,2.7,5081.73,98.74,низкий
Batch_0759,2025-02-05,1,7152.0,1068.5,3.6,28.7,2453.8,4.2,340.0,1.5,6872.0,98.74,Низкий
Batch_0760,2025-11-21,1,5607.31,1094.2,4.1,18.3,3258.7,3.0,414.0,2.8,5446.73,98.56,Низкий
Batch_0761,2025-02-16,1,4456.22,1075.6,6.0,29.6,2520.8,,441.0,2.6,4223.38,98.87,Низкий
Batch_0762,2025-07-12,1,5653.0,1106.3,5.5,27.3,2665.3,2.8,343.0,2.0,5385.77,98.87,низкий
Batch_0763,2025-08-21,1,4800.37,1083.1,6.9,18.2,3398.1,2.1,487.0,1.0,4625.23,97.83,низкий
Batch_0764,2025-03-22,0,7407.63,1091.5,6.4,,,,,,0.0,,брак
Batch_0765,2025-06-09,1,5989.77,1087.5,5.1,22.6,2864.7,2.3,396.0,2.2,5829.29,99.0,Стандарт 
Batch_0766,2025-06-16,1,6047.59,1071.7,5.7,19.7,3044.7,,435.0,2.0,5921.38,98.86,Низкий
Batch_0767,2025-01-27,0,8228.13,1082.6,6.4,,,,,,0.0,,Брак
Batch_0768,2025-03-22,1,5292.92,1082.3,6.7,21.7,3952.8,4.9,,,5125.51,99.24,Стандарт 
Batch_0769,2025-01-26,1,5117.47,1089.2,4.2,24.6,2506.5,2.1,348.0,1.8,4858.06,99.19,Стандарт 
Batch_0770,2025-02-11,1,7560.32,1089.0,4.1,27.4,2500.1,3.1,325.0,2.1,7149.66,99.49,стандарт
Batch_0771,2025-08-15,1,6173.04,1076.6,6.7,24.3,2975.2,4.1,464.0,1.9,5820.52,99.6,Стандарт 
Batch_0772,2025-08-06,1,4501.84,1077.9,5.6,25.3,2730.1,3.5,500.0,2.0,4263.85,99.22,стандарт
Batch_0773,2025-11-07,1,7884.3,1101.8,6.0,21.1,3724.2,2.6,495.0,2.7,7692.94,99.74,стандарт
Batch_0774,2025-08-01,1,7232.01,1118.1,5.3,23.9,2343.6,2.5,495.0,1.3,6875.98,99.33,стандарт
Batch_0775,2025-04-21,1,4769.87,1086.2,6.2,20.8,2577.3,4.5,316.0,1.8,4590.39,98.76,Низкий
Batch_0776,2025-06-26,1,7005.13,1093.2,4.6,28.1,2207.2,2.5,,,6764.65,99.16,стандарт
Batch_0777,2025-02-26,1,5815.95,1091.7,5.3,23.5,2688.9,4.3,495.0,1.5,5633.58,99.05,стандарт
Batch_0778,2025-12-14,1,6379.91,1082.4,4.4,22.4,2040.5,3.5,495.0,2.8,6038.38,99.02,Стандарт 
Batch_0779,2025-10-31,1,5802.66,1105.1,5.3,24.9,3706.0,2.4,387.0,1.6,5466.11,99.18,стандарт
Batch_0780,2025-09-27,1,5257.57,1073.7,3.7,28.2,2019.9,3.9,349.0,1.0,4991.64,98.69,низкий
Batch_0781,2025-01-24,1,4832.73,1096.9,5.6,21.6,2070.1,,,,4685.65,98.95,Низкий
Batch_0782,2025-07-22,1,6158.66,1112.6,4.5,19.5,3112.1,3.3,399.0,2.2,5923.2,98.33,Низкий
Batch_0783,2025-01-04,1,7394.52,1086.7,5.0,23.0,3528.5,2.2,306.0,2.5,7175.29,99.83,Стандарт
Batch_0784,2025-06-04,0,6984.28,,,,,,,,0.0,,Брак
Batch_0785,2025-03-12,0,6813.27,,,,,,,,0.0,,брак
Batch_0786,2025-05-29,1,7689.77,1082.2,6.8,28.4,2593.0,3.3,415.0,2.2,7459.07,99.21,стандарт
Batch_0787,2025-03-03,1,8291.46,1097.6,6.9,19.4,3916.5,2.7,,,8027.83,98.76,Низкий
Batch_0788,2025-09-12,1,6951.5,1077.8,4.7,28.9,3801.9,4.7,465.0,1.8,6809.91,99.16,Стандарт 
Batch_0789,2025-08-09,1,6648.87,1097.2,3.8,28.7,3605.4,4.3,382.0,1.5,6478.59,99.48,Стандарт
Batch_0790,2025-03-08,1,7047.84,1064.2,4.2,25.9,3822.5,2.6,474.0,2.5,6869.88,99.25,стандарт
Batch_0791,2025-09-30,1,4700.32,1083.2,4.9,24.1,3858.2,2.4,372.0,1.6,4533.89,99.76,Стандарт 
Batch_0792,2025-04-28,1,7268.01,1063.1,5.3,24.7,3484.9,3.1,492.0,1.9,7051.45,99.55,Стандарт 
Batch_0793,2025-10-14,1,6859.35,1086.9,5.2,29.3,2428.9,4.7,499.0,2.4,6704.79,99.66,Стандарт 
Batch_0794,2025-07-01,1,6845.71,1083.3,5.4,23.4,3129.6,2.1,389.0,2.2,6473.08,98.5,Низкий
Batch_0795,2025-07-23,1,7522.93,1095.6,6.7,20.6,2409.2,2.0,475.0,2.2,7128.19,98.9,Низкий
Batch_0796,2025-08-12,1,8771.73,1078.5,4.5,23.5,2142.4,2.7,314.0,2.9,8313.15,99.74,Стандарт
Batch_0797,2025-08-24,1,8839.3,1109.9,6.0,22.4,2368.7,2.5,319.0,2.2,8530.44,99.25,Стандарт
Batch_0798,2025-06-10,1,4580.9,1089.0,6.2,29.7,2075.1,2.6,,,4350.45,99.45,Стандарт 
Batch_0799,2025-08-08,1,6545.02,1083.0,5.9,22.7,2744.9,2.5,373.0,2.7,6350.38,99.35,Стандарт 
Batch_0800,2025-07-27,1,5049.66,1061.9,4.2,20.0,3554.3,3.6,416.0,2.8,4921.95,99.13,Стандарт 
Batch_0801,2025-11-24,0,6132.22,1083.9,5.5,19.8,3293.1,,,,0.0,,брак
Batch_0802,2025-05-29,1,7752.62,1083.5,4.9,26.5,2453.7,3.9,371.0,2.0,7472.7,99.16,Стандарт
Batch_0803,2025-07-27,1,6168.48,1085.7,4.2,18.1,2601.9,4.4,492.0,2.0,6024.63,98.27,Низкий
Batch_0804,2025-06-16,0,5099.96,,,22.1,3573.3,,,,0.0,,Брак
Batch_0805,2025-11-13,1,8096.67,1077.6,4.9,22.2,3527.3,3.1,313.0,2.9,7930.31,98.62,низкий
Batch_0806,2025-12-20,1,5862.0,1069.8,5.6,25.7,3515.0,4.5,415.0,2.8,5674.49,98.78,низкий
Batch_0807,2025-02-15,1,6470.21,1085.9,3.6,29.1,3703.7,2.7,373.0,1.5,6213.13,99.85,стандарт
Batch_0808,2025-02-24,1,8449.66,1113.9,5.2,28.3,2942.7,2.9,471.0,2.2,8243.18,99.81,Стандарт
Batch_0809,2025-08-12,0,6504.85,,,27.5,2561.2,,,,0.0,,Брак 
Batch_0810,2025-07-25,1,7543.64,1091.2,6.8,22.1,2216.3,2.3,308.0,2.5,7249.47,99.02,Стандарт 
Batch_0811,2025-02-10,0,7110.83,1103.2,4.5,21.6,2899.5,,,,0.0,,брак
Batch_0812,2025-06-08,1,4501.16,1074.5,4.9,25.2,3027.3,2.2,464.0,1.2,4385.12,98.63,низкий
Batch_0813,2025-04-24,1,5803.94,1081.9,4.0,18.8,2431.9,2.9,418.0,2.6,5608.05,98.44,низкий
Batch_0814,2025-03-28,1,6072.6,1068.0,6.6,28.3,2153.5,3.5,355.0,2.4,5852.75,98.95,Низкий
Batch_0815,2025-09-19,0,7750.75,,,23.0,3154.2,,,,0.0,,Брак 
Batch_0816,2025-02-28,1,8318.12,1093.6,4.2,27.3,2866.2,4.7,305.0,1.0,8026.09,99.43,Стандарт 
Batch_0817,2025-09-19,1,5600.05,1079.0,6.8,20.7,3999.3,4.3,316.0,2.7,5456.41,99.06,Стандарт
Batch_0818,2025-06-28,1,6785.33,1087.4,4.6,24.3,2970.7,4.7,330.0,2.2,6556.66,98.77,низкий
Batch_0819,2025-11-27,1,8732.82,1102.9,5.1,29.3,3473.3,3.7,418.0,2.8,8333.52,98.92,Низкий
Batch_0820,2025-05-01,1,4188.91,1097.6,6.5,26.1,3321.1,4.5,474.0,1.7,4092.85,99.48,Стандарт
Batch_0821,2025-03-16,1,6820.42,1089.0,4.6,18.6,3897.3,4.6,371.0,2.0,6595.55,99.09,стандарт
Batch_0822,2025-04-12,1,8620.39,1069.3,6.8,22.8,3906.0,2.1,397.0,1.9,8298.49,98.71,Низкий
Batch_0823,2025-11-05,1,8155.64,1854.6,3.5,23.0,3456.6,4.8,351.0,2.8,7919.23,98.52,Низкий
Batch_0824,2025-12-02,1,7561.97,1063.9,4.1,18.3,2266.8,4.4,369.0,2.2,7391.72,97.52,Низкий
Batch_0825,2025-04-01,1,4444.88,1059.4,6.3,18.4,2182.2,,402.0,2.1,4225.78,98.91,низкий
Batch_0826,2025-08-26,0,5501.14,1061.5,4.0,30.0,2659.1,,,,0.0,,Брак 
Batch_0827,2025-10-24,1,7090.19,1075.4,4.9,28.9,3120.0,3.9,459.0,1.1,6759.02,99.16,стандарт
Batch_0828,2025-12-15,1,7500.94,1094.3,6.2,22.3,3468.2,4.4,358.0,2.3,7243.39,98.79,низкий
Batch_0829,2025-11-18,0,6168.11,1079.4,6.6,24.3,3507.6,,,,0.0,,брак
Batch_0830,2025-03-19,1,7730.41,1106.5,3.6,26.7,3671.1,3.3,455.0,1.6,7366.76,99.45,стандарт
Batch_0831,2025-02-04,1,4811.15,1064.3,6.6,26.3,3971.9,4.8,454.0,1.0,4651.57,99.16,стандарт
Batch_0832,2025-08-15,1,8312.02,1085.9,4.8,23.0,3664.1,4.8,433.0,2.3,7897.15,98.95,низкий
Batch_0833,2025-05-21,1,7809.03,1080.9,5.4,18.7,2417.5,2.3,444.0,2.9,7557.1,98.76,Низкий
Batch_0834,2025-06-30,1,8884.86,1111.5,7.0,19.1,3334.5,3.9,331.0,1.4,8572.69,97.91,Низкий
Batch_0835,2025-06-08,1,5635.46,1097.9,6.8,20.7,2779.3,4.3,483.0,2.6,5348.8,98.53,низкий
Batch_0836,2025-08-20,1,4707.74,1079.8,6.4,21.0,2864.5,3.3,313.0,1.8,4569.3,99.78,Стандарт
Batch_0837,2025-01-30,1,6117.93,1086.8,6.8,21.2,2880.3,3.8,426.0,1.4,5875.71,99.24,стандарт
Batch_0838,2025-05-27,1,6312.47,1091.9,4.1,23.1,2374.3,3.4,372.0,2.7,6073.55,99.51,Стандарт
Batch_0839,2025-11-27,1,8508.71,1080.0,6.8,18.3,2753.7,2.8,361.0,2.2,8147.37,98.12,Низкий
Batch_0840,2025-11-11,1,5022.33,1074.7,3.8,24.8,2227.5,2.9,421.0,2.6,4873.94,98.87,низкий
Batch_0841,2025-08-25,1,8828.96,1975.9,4.2,29.4,2684.6,4.1,364.0,2.1,8557.28,98.25,Низкий
Batch_0842,2025-08-19,1,4659.18,1078.1,4.2,23.2,2395.3,2.3,,,4389.16,99.84,Стандарт 
Batch_0843,2025-11-30,1,7542.39,1085.3,5.1,29.4,3889.7,3.8,371.0,2.9,7271.74,99.31,Стандарт
Batch_0844,2025-06-14,1,4233.49,1070.2,4.6,23.3,2229.3,2.1,328.0,2.8,4103.06,98.73,низкий
Batch_0845,2025-09-14,1,5563.28,1080.8,4.9,20.0,2766.1,3.1,489.0,1.3,5268.94,99.71,Стандарт
Batch_0846,2025-02-01,1,4021.87,1100.8,5.6,27.6,2266.8,4.8,418.0,2.5,3849.55,99.56,стандарт
Batch_0847,2025-02-22,1,5220.47,1089.6,4.7,29.1,3865.9,4.4,484.0,1.9,5062.67,99.15,стандарт
Batch_0848,2025-02-13,1,4996.75,1084.2,6.1,25.3,3377.3,3.4,,,4860.35,99.89,Стандарт 
Batch_0849,2025-11-27,1,4054.82,1102.5,6.3,21.0,3527.3,3.0,329.0,1.9,3954.45,99.09,Стандарт
Batch_0850,2025-01-21,1,6951.27,1108.8,5.5,24.1,2797.3,3.3,,,6561.66,99.08,Стандарт
Batch_0851,2025-12-29,1,8627.72,1087.8,6.0,21.1,3883.8,4.5,320.0,2.3,8112.73,99.17,стандарт
Batch_0852,2025-08-13,1,7136.88,1109.1,5.1,27.8,3015.6,4.8,457.0,1.6,6864.25,98.81,Низкий
Batch_0853,2025-07-06,1,6421.07,1082.1,3.6,28.3,2348.6,2.1,497.0,1.2,6144.63,98.93,низкий
Batch_0854,2025-05-25,1,8346.7,1098.5,3.8,25.5,2672.7,2.1,437.0,1.4,8132.22,98.58,низкий
Batch_0855,2025-07-29,1,8992.8,1071.6,5.6,26.7,2629.0,3.8,412.0,2.2,8512.78,99.06,стандарт
Batch_0856,2025-12-14,1,6004.51,1093.6,5.2,29.3,2587.4,4.4,409.0,1.1,5739.98,98.88,Низкий
Batch_0857,2025-11-20,1,5541.78,1067.7,5.4,28.1,3766.7,3.0,308.0,2.2,5398.76,99.03,Стандарт 
Batch_0858,2025-06-21,1,7138.5,1104.2,4.0,26.5,3709.1,2.1,314.0,2.1,6926.19,98.65,Низкий
Batch_0859,2025-06-18,1,6777.54,1100.9,6.7,24.1,3188.2,4.5,462.0,2.0,6493.05,99.09,Стандарт
Batch_0860,2025-10-13,1,8725.25,1080.1,6.8,20.2,3448.3,4.0,413.0,2.7,8488.5,98.67,низкий
Batch_0861,2025-05-26,1,6070.34,1082.1,6.3,21.2,2007.9,2.3,355.0,1.9,5727.25,98.9,низкий
Batch_0862,2025-12-03,1,4757.94,1100.8,6.7,26.2,3622.0,2.8,443.0,2.3,4598.79,99.08,Стандарт 
Batch_0863,2025-03-18,0,7922.21,1099.1,4.7,,,,,,0.0,,брак
Batch_0864,2025-02-11,1,7984.94,1084.0,4.0,20.6,3312.5,4.5,461.0,1.8,7757.75,98.99,Низкий
Batch_0865,2025-06-29,1,4166.97,1081.8,4.2,29.6,2050.0,3.0,,,4069.93,98.7,низкий
Batch_0866,2025-12-02,1,5370.27,1090.0,3.7,19.4,2142.7,3.5,384.0,2.9,5243.69,98.12,низкий
Batch_0867,2025-03-08,1,5905.55,1079.8,4.9,29.8,3642.2,4.2,320.0,1.7,5646.41,98.52,Низкий
Batch_0868,2025-06-08,1,5795.97,1119.9,3.8,20.1,3779.4,4.9,374.0,1.6,5647.21,99.9,высший
Batch_0869,2025-07-12,1,7975.7,1099.5,6.4,26.3,2042.3,2.4,481.0,1.1,7567.28,98.93,низкий
Batch_0870,2025-03-07,1,6670.51,1056.7,4.1,20.8,3005.1,4.8,312.0,2.5,6358.02,99.41,Стандарт 
Batch_0871,2025-12-26,1,6853.72,1082.9,4.7,23.6,3854.3,2.3,399.0,1.2,6537.24,98.71,Низкий
Batch_0872,2025-11-27,1,8747.48,1088.7,4.8,25.2,3712.5,4.1,341.0,1.8,8249.21,99.47,Стандарт 
Batch_0873,2025-08-05,1,5557.03,1084.7,5.5,24.8,2821.0,4.2,321.0,2.4,5270.03,98.93,низкий
Batch_0874,2025-01-10,1,6246.76,1101.8,5.7,25.7,3428.1,3.0,361.0,3.0,6075.36,98.73,низкий
Batch_0875,2025-06-08,0,4213.92,,,,,,,,0.0,,Брак
Batch_0876,2025-04-20,1,8289.98,1077.9,5.3,27.7,3678.2,3.5,322.0,2.1,7875.05,99.1,стандарт
Batch_0877,2025-09-06,1,5284.93,1064.9,3.5,18.3,2016.7,2.7,497.0,1.6,4994.77,97.91,Низкий
Batch_0878,2025-04-26,1,5480.41,1099.9,5.8,28.4,3740.2,3.3,464.0,1.0,5369.05,98.76,Низкий
Batch_0879,2025-03-21,1,8360.15,1099.1,5.2,19.6,2790.2,3.1,499.0,3.0,7896.93,98.96,Низкий
Batch_0880,2025-06-01,0,4526.67,1077.7,5.3,20.7,3513.2,,,,0.0,,Брак
Batch_0881,2025-09-17,1,8610.66,1075.5,5.0,27.5,3635.8,3.0,333.0,1.1,8250.41,99.62,Стандарт 
Batch_0882,2025-09-27,1,8597.65,1087.9,6.2,19.1,2345.3,,477.0,2.3,8419.52,97.19,Низкий
Batch_0883,2025-12-05,1,5571.21,1071.9,4.5,28.7,3761.5,3.7,406.0,1.7,5413.48,99.56,стандарт
Batch_0884,2025-11-13,1,4074.15,1085.7,5.7,29.8,2796.1,3.9,487.0,2.6,3899.23,99.39,Стандарт
Batch_0885,2025-11-02,1,6453.05,1082.5,4.1,18.0,3436.5,2.7,412.0,1.8,6240.02,97.95,низкий
Batch_0886,2025-03-20,1,5684.82,1074.2,3.7,29.7,3362.3,4.1,456.0,2.0,5441.48,98.52,Низкий
Batch_0887,2025-04-03,1,7016.54,1090.5,6.7,29.0,3978.4,5.0,468.0,2.6,6660.36,98.64,Низкий
Batch_0888,2025-08-13,1,5480.12,1061.2,5.9,24.8,2155.0,3.2,458.0,1.8,5171.79,99.18,Стандарт
Batch_0889,2025-07-30,0,4644.69,,,29.1,3652.5,,,,0.0,,брак
Batch_0890,2025-12-13,1,5362.23,1081.9,6.0,29.9,2263.1,,466.0,2.7,5186.02,99.84,Стандарт 
Batch_0891,2025-05-02,1,8569.07,1078.0,4.2,24.6,2906.0,2.3,450.0,1.2,8164.87,99.04,стандарт
Batch_0892,2025-11-09,1,4790.66,1097.7,5.1,29.0,2935.7,2.4,,,4605.2,98.65,низкий
Batch_0893,2025-08-18,1,6946.36,1092.8,6.8,19.2,2311.2,2.1,301.0,2.7,6614.97,99.0,Стандарт
Batch_0894,2025-10-01,1,4400.16,1075.8,6.2,24.3,3855.9,4.6,496.0,2.9,4194.08,99.74,Стандарт
Batch_0895,2025-06-08,1,5053.4,1106.5,6.5,29.7,2879.0,4.2,390.0,1.6,4851.75,98.97,низкий
Batch_0896,2025-04-10,1,6719.47,1057.1,5.4,20.9,3702.2,2.6,372.0,2.7,6438.14,99.52,стандарт
Batch_0897,2025-12-14,0,5980.12,1078.5,4.5,,,,,,0.0,,Брак 
Batch_0898,2025-08-14,1,7784.97,1090.9,5.3,27.7,2874.2,3.7,459.0,2.2,7519.29,99.8,стандарт
Batch_0899,2025-05-25,1,5656.97,1078.9,5.1,23.0,2298.2,3.2,338.0,2.1,5322.97,99.57,стандарт
Batch_0900,2025-09-15,1,7127.95,1097.4,4.2,18.9,2577.8,3.7,410.0,1.5,6769.99,97.34,низкий
Batch_0901,2025-03-24,1,4932.56,1090.6,5.8,22.9,2524.0,4.4,470.0,2.5,4695.22,99.1,Стандарт
Batch_0902,2025-11-06,1,4555.26,1093.6,4.4,27.8,3991.2,3.4,458.0,2.5,4345.53,99.14,Стандарт
Batch_0903,2025-05-09,1,8869.7,1082.2,7.0,26.0,2927.0,2.8,323.0,1.2,8460.87,99.57,Стандарт
Batch_0904,2025-11-25,1,4512.92,1090.1,5.6,29.5,3340.4,3.4,306.0,1.0,4265.5,98.85,низкий
Batch_0905,2025-07-10,1,6437.2,1099.0,4.5,18.2,2155.3,2.5,426.0,2.1,6110.49,97.87,Низкий
Batch_0906,2025-12-31,1,7766.07,1110.2,4.8,22.4,3758.8,,433.0,2.4,7311.91,99.35,Стандарт 
Batch_0907,2025-03-05,1,4528.89,1086.9,4.9,18.9,3428.2,3.8,387.0,2.2,4299.44,98.73,низкий
Batch_0908,2025-02-12,1,6248.4,1099.6,4.1,21.5,3359.0,4.4,453.0,1.1,5876.64,99.76,Стандарт
Batch_0909,2025-05-20,1,5759.13,1087.8,7.0,29.8,3270.0,3.5,320.0,1.7,5430.92,98.6,низкий
Batch_0910,2025-09-20,1,6426.27,1121.0,5.2,22.0,2164.7,2.8,495.0,1.2,6095.22,98.18,Низкий
Batch_0911,2025-08-12,1,8491.15,1082.6,6.9,26.0,3557.1,3.6,419.0,1.6,8172.26,99.25,Стандарт
Batch_0912,2025-04-24,1,8908.64,1081.7,6.2,19.2,3553.7,2.1,422.0,1.2,8703.4,97.18,низкий
Batch_0913,2025-06-28,1,5648.56,1094.4,5.9,22.7,2975.6,2.6,358.0,2.5,5482.27,98.91,Низкий
Batch_0914,2025-08-01,0,4057.16,,,,,,,,0.0,,Брак
Batch_0915,2025-07-22,1,6349.01,1107.3,6.6,23.9,3198.4,3.1,418.0,1.7,6126.96,99.77,Стандарт 
Batch_0916,2025-07-11,1,6525.58,1093.1,5.7,26.2,2702.4,4.1,384.0,1.4,6136.21,99.86,Стандарт
Batch_0917,2025-07-17,1,8846.75,1072.9,5.6,20.4,3580.1,2.3,339.0,2.2,8664.73,99.74,Стандарт
Batch_0918,2025-07-11,1,5712.99,1085.0,6.3,19.8,3319.5,3.0,393.0,2.6,5405.84,99.04,Стандарт
Batch_0919,2025-01-15,1,7280.75,1064.4,4.4,21.9,3074.2,4.4,329.0,1.9,7069.56,98.97,низкий
Batch_0920,2025-02-20,1,4251.07,1089.2,4.7,21.4,3681.8,3.2,357.0,2.8,4123.7,98.59,низкий
Batch_0921,2025-03-16,1,6636.5,1080.6,4.6,24.9,3001.5,3.4,451.0,1.9,6492.76,98.87,Низкий
Batch_0922,2025-01-20,1,8703.59,1087.0,4.8,25.2,2312.5,2.7,406.0,1.8,8274.95,99.9,Высший 
Batch_0923,2025-08-30,0,4217.8,,,29.8,3309.9,,,,0.0,,Брак 
Batch_0924,2025-03-13,1,5069.81,1087.2,4.0,19.2,2224.4,4.3,496.0,1.9,4796.13,97.97,низкий
Batch_0925,2025-08-18,1,6293.84,1097.3,7.0,18.6,3773.1,2.8,397.0,1.7,5961.9,97.51,Низкий
Batch_0926,2025-02-10,1,8566.23,1065.3,3.9,18.1,3015.7,4.1,475.0,2.6,8057.54,98.84,Низкий
Batch_0927,2025-05-12,1,5131.65,1059.7,4.1,27.1,3980.2,2.9,344.0,1.3,4936.92,99.35,Стандарт
Batch_0928,2025-03-18,1,7401.07,1076.0,4.7,26.2,2698.9,3.1,318.0,2.7,7209.56,98.81,низкий
Batch_0929,2025-02-26,0,7694.14,,,,,,,,0.0,,брак
Batch_0930,2025-05-02,0,5131.35,1076.5,4.7,,,,,,0.0,,брак
Batch_0931,2025-03-04,0,8960.86,1093.9,5.4,28.1,3613.4,,,,0.0,,Брак
Batch_0932,2025-05-03,0,4934.04,1086.7,5.8,20.4,3727.9,,,,0.0,,брак
Batch_0933,2025-11-24,1,8947.82,1084.6,5.3,27.5,2865.3,5.0,421.0,1.1,8712.39,99.41,Стандарт 
Batch_0934,2025-08-23,1,4080.85,1067.0,4.2,25.8,2107.4,2.4,432.0,2.4,3877.66,98.62,Низкий
Batch_0935,2025-02-26,0,6130.76,1091.7,4.3,,,,,,0.0,,брак
Batch_0936,2025-11-02,1,7027.85,1099.0,5.2,19.6,2578.8,3.8,437.0,2.3,6853.93,98.04,Низкий
Batch_0937,2025-11-20,1,7390.91,1090.5,4.9,27.3,3449.6,3.7,493.0,2.6,6979.89,98.67,Низкий
Batch_0938,2025-03-15,1,5724.45,1051.4,3.9,27.6,3830.2,4.5,353.0,1.4,5556.17,99.83,стандарт
Batch_0939,2025-08-08,1,8407.33,1097.5,4.9,23.1,2150.6,,388.0,2.1,8090.43,98.89,Низкий
Batch_0940,2025-11-11,1,6353.8,1082.0,5.6,28.7,3732.5,2.8,,,6038.92,98.89,низкий
Batch_0941,2025-05-04,1,7246.21,1104.5,4.0,19.9,3260.8,4.6,340.0,1.6,6881.09,97.59,низкий
Batch_0942,2025-04-06,1,7690.96,1111.6,4.3,26.7,3621.3,4.2,436.0,2.5,7534.66,98.98,Низкий
Batch_0943,2025-09-26,1,4828.1,1089.6,5.9,29.0,2789.2,2.9,358.0,1.5,4680.55,98.51,низкий
Batch_0944,2025-02-04,1,7968.83,1109.6,5.8,23.4,2693.2,4.3,321.0,1.1,7520.75,99.32,Стандарт 
Batch_0945,2025-10-06,0,5684.63,1100.1,4.5,26.9,2491.7,,,,0.0,,Брак 
Batch_0946,2025-09-17,1,7738.88,1086.6,6.7,25.7,2345.8,3.3,447.0,2.0,7526.52,99.51,Стандарт 
Batch_0947,2025-01-11,1,4753.96,1062.9,6.8,19.6,2976.5,4.3,328.0,2.8,4503.14,98.66,низкий
Batch_0948,2025-08-29,1,4791.2,1094.3,3.9,19.4,2144.6,4.1,,,4611.1,97.21,Низкий
Batch_0949,2025-11-22,1,7491.16,1114.8,6.3,27.9,3139.4,2.7,426.0,1.3,7119.19,99.16,стандарт
Batch_0950,2025-07-11,1,6943.22,1097.0,5.5,23.9,2373.1,2.7,,,6734.93,98.75,низкий
Batch_0295,2025-10-08,1,8073.36,1064.4,3.9,22.3,2826.3,4.0,,,7716.6,98.75,низкий
Batch_0843,2025-11-30,1,7542.39,1085.3,5.1,29.4,3889.7,3.8,371.0,2.9,7271.74,99.31,Стандарт
Batch_0375,2025-08-11,1,5538.4,1094.9,5.4,28.6,3108.0,2.6,483.0,1.7,5288.53,99.56,Стандарт
Batch_0500,2025-09-11,1,4566.16,1129.0,6.4,20.1,3615.7,3.7,382.0,1.3,4413.79,98.49,низкий
Batch_0164,2025-11-14,1,4135.84,1098.2,5.4,24.0,2210.9,4.5,455.0,2.9,3921.4,99.23,Стандарт
Batch_0451,2025-11-14,1,5060.41,1099.4,4.5,22.9,2468.7,,493.0,1.7,4825.3,98.51,Низкий
Batch_0544,2025-04-07,1,4252.54,1078.5,4.4,20.3,3339.9,,316.0,1.4,4063.09,99.18,Стандарт 
Batch_0499,2025-07-30,1,6684.3,1098.9,4.6,28.4,3528.2,2.1,446.0,1.4,6382.51,99.2,Стандарт 
Batch_0161,2025-03-03,0,7539.18,1090.2,3.8,,,,,,0.0,,Брак 
Batch_0944,2025-02-04,1,7968.83,1109.6,5.8,23.4,2693.2,4.3,321.0,1.1,7520.75,99.32,Стандарт 
Batch_0175,2025-08-23,1,4394.85,1080.6,6.3,18.4,3165.6,4.6,313.0,2.7,4236.46,98.07,Низкий
Batch_0001,2025-11-24,1,8753.57,1068.3,4.0,18.7,3732.4,4.1,,,8567.96,98.95,Низкий
Batch_0012,2025-11-29,0,5393.23,1087.6,4.3,,,,,,0.0,,Брак 
Batch_0914,2025-08-01,0,4057.16,,,,,,,,0.0,,Брак
Batch_0586,2025-11-14,1,8283.65,1071.2,4.7,24.7,2190.1,3.2,475.0,1.3,7937.61,99.35,Стандарт 
Batch_0419,2025-09-05,1,5520.47,1078.0,6.0,26.3,3974.7,4.0,483.0,1.3,5355.25,99.3,стандарт
Batch_0139,2025-02-17,1,4548.68,1102.9,3.8,23.9,2300.1,4.2,375.0,1.8,4359.35,99.6,Стандарт
Batch_0545,2025-05-03,1,5603.56,1110.8,5.7,18.3,2860.4,2.9,,,5437.33,98.28,низкий
Batch_0160,2025-05-01,1,6826.65,1086.2,4.7,19.4,2302.5,2.8,412.0,2.0,6448.39,98.48,низкий
Batch_0472,2025-03-26,1,6892.82,1065.9,4.8,28.1,3288.4,4.6,484.0,1.2,6629.27,99.54,стандарт
Batch_0744,2025-04-25,1,8753.06,1125.7,4.7,25.2,2624.0,4.6,365.0,1.6,8239.58,99.03,Стандарт
Batch_0188,2025-10-11,1,5822.97,1096.7,7.0,23.4,3376.5,3.5,,,5591.32,99.85,Стандарт
Batch_0784,2025-06-04,0,6984.28,,,,,,,,0.0,,Брак
Batch_0700,2025-12-04,1,8381.57,1093.9,3.5,21.6,3156.2,3.6,482.0,1.5,8033.61,99.27,Стандарт 
Batch_0153,2025-01-26,1,8125.25,1101.7,6.0,27.5,3034.5,2.4,387.0,1.2,7709.44,99.34,Стандарт 
Batch_0647,2025-11-22,1,8402.11,1078.0,5.2,24.7,3117.7,2.5,462.0,2.9,7943.67,99.2,стандарт
Batch_0144,2025-07-14,1,7123.32,1093.0,4.2,19.5,3230.0,3.9,308.0,2.9,6923.5,97.43,Низкий
Batch_0198,2025-01-02,1,4443.02,1092.7,3.8,22.9,2814.2,3.0,462.0,2.9,4189.29,99.84,стандарт
Batch_0514,2025-05-17,1,8828.85,1077.1,4.2,26.1,2810.0,2.3,484.0,2.8,8354.4,99.01,Стандарт 
Batch_0345,2025-11-30,0,6924.14,1083.3,3.8,24.6,2814.7,,,,0.0,,Брак
Batch_0653,2025-03-01,1,6093.79,1085.4,5.3,19.8,2207.7,2.3,339.0,1.5,5770.47,98.49,Низкий
Batch_0935,2025-02-26,0,6130.76,1091.7,4.3,,,,,,0.0,,брак
Batch_0258,2025-04-09,1,6369.61,1072.3,4.6,20.9,2429.8,4.7,338.0,1.2,6164.8,99.04,стандарт
Batch_0555,2025-02-21,1,6022.6,1085.5,4.3,26.0,3941.3,3.8,389.0,1.5,5860.02,99.18,Стандарт 
Batch_0870,2025-03-07,1,6670.51,1056.7,4.1,20.8,3005.1,4.8,312.0,2.5,6358.02,99.41,Стандарт 
Batch_0105,2025-03-03,1,8981.67,1077.7,5.8,20.4,3360.5,2.1,393.0,2.7,8704.02,99.54,Стандарт
Batch_0193,2025-05-16,1,6666.93,1089.6,3.9,27.5,2551.5,4.8,393.0,3.0,6395.83,99.71,Стандарт 
Batch_0229,2025-07-24,1,7505.85,1111.9,5.5,29.4,2992.5,2.5,447.0,1.8,7063.06,99.67,стандарт
Batch_0603,2025-10-20,1,8743.27,1053.8,5.1,24.8,2871.2,4.2,467.0,1.5,8431.84,99.32,стандарт
Batch_0037,2025-03-25,1,4587.63,1092.8,6.9,22.5,2571.4,2.7,302.0,2.9,4320.29,99.75,стандарт
Batch_0505,2025-06-15,1,7385.19,1090.6,5.5,26.9,3323.7,4.4,414.0,2.5,7054.03,98.92,Низкий
Batch_0523,2025-02-28,1,6703.83,1090.7,6.0,29.5,3062.7,4.9,360.0,1.3,6527.53,99.01,стандарт
Batch_0945,2025-10-06,0,5684.63,1100.1,4.5,26.9,2491.7,,,,0.0,,Брак 
Batch_0011,2025-10-15,1,8714.55,1113.3,4.8,29.7,3924.9,3.5,357.0,1.1,8404.16,99.2,Стандарт
Batch_0122,2025-04-08,1,4609.43,1080.8,5.9,20.2,3050.3,2.3,351.0,2.9,4422.02,99.63,Стандарт
Batch_0383,2025-08-19,1,7334.64,1090.4,6.8,26.6,3860.3,2.8,,,7107.58,98.67,Низкий
Batch_0531,2025-04-08,1,4914.61,1096.2,5.0,25.5,2148.9,2.5,427.0,2.1,4764.87,98.97,Низкий
Batch_0432,2025-10-21,1,7516.39,1079.9,3.7,27.0,3701.7,3.9,492.0,1.1,7239.72,98.73,низкий
Batch_0911,2025-08-12,1,8491.15,1082.6,6.9,26.0,3557.1,3.6,419.0,1.6,8172.26,99.25,Стандарт
Batch_0322,2025-09-07,1,5168.7,1114.6,4.4,21.7,3227.3,4.4,446.0,1.7,4991.1,99.15,Стандарт
